reaction	linear_coefficient
rxn03253	[0.3316165159034364]
rxn02720	[0.3316165159034364]
rxn00946	[0.3316165159034364]
rxn02679	[0.3316165159034364]
rxn02803	[0.3316165159034364]
rxn03251	[0.3316165159034364]
rxn00872	[0.3316165159034364]
rxn01451	[np.float64(0.3384448571611215)]
rxn03242	[np.float64(0.3384448571611215)]
rxn03239	[np.float64(0.3384448571611215)]
rxn06777	[np.float64(0.3384448571611215)]
rxn03244	[np.float64(0.3384448571611215)]
rxn03249	[np.float64(0.3384448571611215)]
rxn03246	[np.float64(0.3384448571611215)]
rxn02122	[0.02564999233127258]
rxn01387	[0.5512319144573401]
rxn00616	[0.1939702449788067]
rxn00501	[0.262277851336535]
rxn10125	[0.279548076340187]
rxn01851	[0.5476232107252337]
rxn13812	[np.float64(0.3384448571611215)]
rxn01297	[0.12385828675502528]
rxn01522	[0.12385828675502528]
rxn00288	[np.float64(0.3384448571611215)]
rxn10126	[np.float64(0.3384448571611215)]
rJB00270	[np.float64(0.3384448571611215)]
rxn06493	[0.15633662034398282]
rxn13808	[0.11741417294769242]
rxn00623	[np.float64(0.3384448571611215)]
rxn00506	[0.32671898940986344]
rxn00779	[0.10865017816971972]
rxn13726	[0.002193418072580995]
rJB00264	[0.002193418072580995]
rxn10122	[0.002193418072580995]
rxn00604	[0.5295796920647017]
rxn10902	[0.5295796920647017]
rxn00671	[0.262277851336535]
rxn01115	[0.55200520811422]
rxn00338	[np.float64(0.3384448571611215)]
rxn00248	[0.5288063984078217]
rxn05353	[0.19680565505403316]
rxn05356	[0.19680565505403316]
rxn05355	[0.19680565505403316]
rxn05354	[0.19680565505403316]
rxn05357	[0.19680565505403316]
rxn05352	[0.19680565505403316]
rxn05351	[0.19680565505403316]
rxn05338	[0.55200520811422]
rxn00611	[0.5579337928169662]
rxn00612	[0.5579337928169662]
rxn05436	[0.5950518883472036]
rxn05448	[0.5950518883472036]
rxn05442	[0.5950518883472036]
rxn05437	[0.5950518883472036]
rxn05449	[0.5950518883472036]
rxn05443	[0.5950518883472036]
rxn05438	[0.5950518883472036]
rxn05450	[0.5950518883472036]
rxn05444	[0.5950518883472036]
rxn05433	[0.5950518883472036]
rxn05445	[0.5950518883472036]
rxn05439	[0.5950518883472036]
rxn05446	[0.5950518883472036]
rxn05434	[0.5950518883472036]
rxn05440	[0.5950518883472036]
rxn05435	[0.5950518883472036]
rxn05447	[0.5950518883472036]
rxn05441	[0.5950518883472036]
rxn05322	[0.5950518883472036]
rxn05327	[0.5950518883472036]
rxn05324	[0.5950518883472036]
rxn13838	[0.5950518883472036]
rxn05328	[0.5950518883472036]
rxn05326	[0.5950518883472036]
rxn13850	[0.5950518883472036]
rxn08396	[0.5950518883472036]
rxn05325	[0.5950518883472036]
rxn05323	[0.5950518883472036]
rxn05464	[0.5950518883472036]
rxn02866	[0.5543250890848599]
rxn05339	[np.float64(0.3384448571611215)]
rxn05337	[np.float64(0.3384448571611215)]
rxn13844	[np.float64(0.3384448571611215)]
rxn05341	[np.float64(0.3384448571611215)]
rxn05336	[np.float64(0.3384448571611215)]
rxn05372	[np.float64(0.3384448571611215)]
rxn05422	[np.float64(0.3384448571611215)]
rxn05397	[np.float64(0.3384448571611215)]
rxn05376	[np.float64(0.3384448571611215)]
rxn05426	[np.float64(0.3384448571611215)]
rxn05401	[np.float64(0.3384448571611215)]
rxn05380	[np.float64(0.3384448571611215)]
rxn05430	[np.float64(0.3384448571611215)]
rxn05405	[np.float64(0.3384448571611215)]
rxn05461	[np.float64(0.3384448571611215)]
rxn07993	[np.float64(0.3384448571611215)]
rxn05340	[np.float64(0.3384448571611215)]
rxn05342	[np.float64(0.3384448571611215)]
rxn05360	[np.float64(0.3384448571611215)]
rxn05410	[np.float64(0.3384448571611215)]
rxn05385	[np.float64(0.3384448571611215)]
rxn05414	[np.float64(0.3384448571611215)]
rxn05364	[np.float64(0.3384448571611215)]
rxn05389	[np.float64(0.3384448571611215)]
rxn05368	[np.float64(0.3384448571611215)]
rxn05418	[np.float64(0.3384448571611215)]
rxn05393	[np.float64(0.3384448571611215)]
rxn00083	[0.28238348641541344]
rxn11245	[np.float64(0.3384448571611215)]
rxn00781	[0.5087007633289433]
rxn00199	[0.5512319144573401]
rxn08398	[0.26330890954570824]
rxn03532	[np.float64(0.3384448571611215)]
rxn13839	[0.5543250890848599]
rxn13790	[0.12927134235318485]
rxn03897	[0.2395945707347233]
rxn05289	[0.33754510060618265]
rxn02842	[0.05168421211289731]
rxn13909	[0.1558210912393962]
rxn01643	[0.5471076816206469]
rJB00277	[np.float64(0.3384448571611215)]
rxn00211	[0.10761911996054646]
rxn01480	[0.4599832629455069]
rxn01053	[0.5476232107252337]
rxn01867	[0.02564999233127258]
rxn01945	[0.305840060674105]
rJB00104	[0.305840060674105]
rxn21407	[0.5177225226592093]
rxn08975	[0.3277500476190367]
rJB00263	[0.3277500476190367]
rxn00371	[0.265628790516348]
rxn08094	[0.27361949163744076]
rxn00154	[0.12385828675502528]
rxn00085	[0.3073866479878649]
rxn00159	[0.5156604062408627]
rxn00161	[0.5156604062408627]
rxn10062	[0.08313148749268162]
rxn13898	[0.6679992566462114]
rxn01740	[np.float64(0.3384448571611215)]
rxn00962	[0.6419650368645867]
rxn00979	[0.22928398864299074]
rxn00509	[0.22928398864299074]
rxn01101	[0.6262413991746945]
rxn00686	[0.55200520811422]
rxn00931	[0.5749462532683249]
rxn04954	[np.float64(0.3384448571611215)]
rxn01802	[np.float64(0.3384448571611215)]
rxn01331	[np.float64(0.3384448571611215)]
rxn03951	[0.44993044540606764]
rxn02465	[0.49710135847574405]
rxn00183	[0.22696410767235092]
rxn13895	[0.22696410767235092]
rxn01452	[0.4553435010042272]
rxn02270	[np.float64(0.3384448571611215)]
rxn00508	[np.float64(0.3384448571611215)]
rxn00500	[0.5203001681821424]
rxn02939	[np.float64(0.3384448571611215)]
rxn13682	[0.5579337928169662]
rxn01241	[0.15633662034398282]
rxn02933	[0.4824087789950252]
rxn00907	[0.28418783828146665]
rxn00992	[0.4553435010042272]
rxn00086	[0.2862499546998131]
rxn01475	[0.5579337928169662]
rxn13834	[np.float64(0.3384448571611215)]
rxn00629	[0.5099895860904098]
rxn00546	[0.5099895860904098]
rxn42682	[0.051426447560603994]
rxn13925	[0.06766561435508278]
rxn02774	[0.44993044540606764]
rxn00198	[0.5574182637123796]
rxn03492	[0.633201042086614]
rxn02285	[0.6574309100021855]
rxn00077	[0.25145174014021576]
rxn01268	[0.5512319144573401]
rxn13705	[np.float64(0.3384448571611215)]
rxn09896	[0.19680565505403316]
rxn01045	[0.19680565505403316]
rxn00935	[0.33006992858967654]
rxn00638	[np.float64(0.3384448571611215)]
rxn00763	[0.55200520811422]
rxn03958	[0.55200520811422]
rxn13906	[0.5079274696720633]
rxn01302	[0.6563998517930123]
rxn00834	[0.4599832629455069]
rxn05293	[np.float64(0.3384448571611215)]
rxn07967	[0.4914305383252912]
rxn00105	[0.49710135847574405]
rxn02373	[np.float64(0.3384448571611215)]
rxn02474	[0.4532813845858807]
rxn03055	[0.4488993871968943]
rxn09953	[0.27645490171266723]
rxn02112	[0.5865456581215241]
rxn02632	[0.5865456581215241]
rxn01686	[0.5865456581215241]
rxn13787	[0.5579337928169662]
rxn13896	[0.5579337928169662]
rxn01790	[0.44993044540606764]
rxn00859	[0.06766561435508278]
rxn08352	[0.5579337928169662]
rxn08756	[0.5579337928169662]
rxn00122	[0.6535644417177857]
rxn00184	[0.4824087789950252]
rxn01011	[0.4914305383252912]
rxn06591	[0.04936433114225748]
rxn02186	[0.5579337928169662]
rxn08764	[0.5579337928169662]
rxn02929	[np.float64(0.3384448571611215)]
rxn00190	[0.5272598110940618]
rxn00138	[0.5272598110940618]
rxn08977	[0.3277500476190367]
rxn36840	[0.3277500476190367]
rxn02003	[0.2862499546998131]
rxn08291	[0.33754510060618265]
rxn13795	[0.5692754331178721]
rxn13788	[0.55200520811422]
rxn00429	[0.4599832629455069]
rxn02440	[0.7602789663672179]
rxn00868	[np.float64(0.3384448571611215)]
rxn10074	[np.float64(0.3384448571611215)]
rxn01729	[np.float64(0.3384448571611215)]
rxn01068	[np.float64(0.3384448571611215)]
rxn01314	[np.float64(0.3384448571611215)]
rxn05570	[0.24011009983930995]
rxn05159	[0.24011009983930995]
rxn05180	[0.24011009983930995]
rxn10073	[0.24011009983930995]
rxn08087	[0.2867654838043998]
rxn08086	[0.2867654838043998]
rxn08089	[0.2867654838043998]
rxn08088	[0.2867654838043998]
rxn08085	[0.2867654838043998]
rxn08083	[0.2867654838043998]
rxn08084	[0.2867654838043998]
rxn10215	[0.2867654838043998]
rxn10218	[0.2867654838043998]
rxn10214	[0.2867654838043998]
rxn10219	[0.2867654838043998]
rxn10217	[0.2867654838043998]
rxn10216	[0.2867654838043998]
rxn10212	[0.2867654838043998]
rxn10211	[0.2867654838043998]
rxn10213	[0.2867654838043998]
rxn05175	[0.002193418072580995]
rxn03243	[np.float64(0.3384448571611215)]
rxn03248	[np.float64(0.3384448571611215)]
rxn06510	[np.float64(0.3384448571611215)]
rxn02804	[np.float64(0.3384448571611215)]
rxn02680	[np.float64(0.3384448571611215)]
rxn05619	[0.3099642935107981]
rxn05163	[0.002193418072580995]
rxn10158	[0.30042700507594544]
rxn05603	[0.30042700507594544]
rxn05154	[0.0532307994266572]
rxn00727	[0.23134610506133726]
rxn05161	[0.21484917371456516]
rxn05168	[0.21484917371456516]
rxn05155	[0.2210355229696047]
rxn05201	[np.float64(0.3384448571611215)]
rxn02831	[0.032351870690898746]
rxn13885	[0.30944876440621144]
rxn05512	[np.float64(0.3384448571611215)]
rxn08669	[0.5061231178060102]
rxn05156	[0.0532307994266572]
rxn05164	[0.0532307994266572]
rxn13828	[np.float64(0.3384448571611215)]
rxn13829	[np.float64(0.3384448571611215)]
rxn05247	[0.032351870690898746]
rxn05248	[0.032351870690898746]
rxn05249	[0.032351870690898746]
rxn05250	[0.032351870690898746]
rxn05251	[0.032351870690898746]
rxn05252	[0.032351870690898746]
rxn09450	[0.032351870690898746]
rxn09449	[0.032351870690898746]
rxn09448	[0.032351870690898746]
rxn05736	[0.032351870690898746]
rxn00947	[0.032351870690898746]
rxn13892	[0.012761764716606875]
rxn08002	[0.436268924134522]
rxn05349	[0.436268924134522]
rxn00187	[np.float64(0.3384448571611215)]
rxn05331	[0.12978687145777149]
rxn05333	[0.12978687145777149]
rxn10221	[0.31434629089978444]
rxn10224	[0.31434629089978444]
rxn08306	[0.31434629089978444]
rxn08307	[0.31434629089978444]
rxn08308	[0.31434629089978444]
rxn08310	[0.31434629089978444]
rxn08311	[0.31434629089978444]
rxn08312	[0.31434629089978444]
rxn10220	[0.31434629089978444]
rxn10225	[0.31434629089978444]
rxn10223	[0.31434629089978444]
rxn10222	[0.31434629089978444]
rxn10481	[0.5927320073765636]
rxn10344	[0.5927320073765636]
rxn10343	[0.5927320073765636]
rxn01629	[np.float64(0.3384448571611215)]
rxn00986	[0.4491571517491877]
rxn00675	[0.4491571517491877]
rxn05206	[0.30944876440621144]
rxn02911	[0.30274688604658523]
rxn03240	[0.30274688604658523]
rxn03241	[0.30274688604658523]
rxn03245	[0.30274688604658523]
rxn03250	[0.30274688604658523]
rxn03247	[0.30274688604658523]
rxn05165	[0.24011009983930995]
rxn05181	[0.24011009983930995]
rxn10978	[0.30042700507594544]
rxn13831	[0.22619081401547095]
rxn10338	[0.07050102443030923]
rxn10341	[0.07050102443030923]
rxn10337	[0.07050102443030923]
rxn10342	[0.07050102443030923]
rxn10340	[0.07050102443030923]
rxn10339	[0.07050102443030923]
rxn10335	[0.07050102443030923]
rxn10334	[0.07050102443030923]
rxn10336	[0.07050102443030923]
rxn13785	[0.18211307557331424]
rPY00162	[0.2867654838043998]
rPY00167	[0.2867654838043998]
rxn02160	[0.3125419390337312]
rxn13872	[0.15633662034398282]
rxn01964	[0.10787688451283978]
rxn00416	[0.33006992858967654]
rxn05651	[np.float64(0.3384448571611215)]
rxn05564	[0.013792822925780131]
rxn01192	[0.30042700507594544]
rxn12206	[0.30042700507594544]
rxn12432	[np.float64(0.3384448571611215)]
rxn00874	[0.45895220473633364]
rxn02483	[0.4599832629455069]
rxn01827	[0.5512319144573401]
rxn03393	[0.08184266473121507]
rxn05176	[0.4478683289877211]
rxn05153	[0.3099642935107981]
rxn00858	[0.32671898940986344]
rxn05237	[0.06766561435508278]
rxn11080	[0.06766561435508278]
rxn09657	[0.05915938412940342]
rxn05202	[0.05915938412940342]
rxn05682	[0.05915938412940342]
rxn05312	[0.4914305383252912]
rxn05527	[0.05915938412940342]
rxn05318	[0.05915938412940342]
rxn05198	[0.05915938412940342]
rxn05317	[0.05915938412940342]
rxn05205	[0.05915938412940342]
rxn05316	[0.05915938412940342]
rxn05200	[0.05915938412940342]
rxn05199	[0.05915938412940342]
rxn09688	[0.05915938412940342]
rxn09687	[0.05915938412940342]
rxn09685	[0.05915938412940342]
rxn02287	[0.06766561435508278]
rxn00567	[0.2522250337970957]
rJB00273	[0.5927320073765636]
rJB00274	[0.5927320073765636]
rxn04092	[0.0204947012854063]
rxn08550	[0.2999114759713588]
rxn08552	[0.2999114759713588]
rxn02503	[0.5473654461729405]
rxn00256	[0.4793156043675054]
rxn00225	[0.2140758800576852]
rxn00799	[0.55200520811422]
rxn05663	[0.013792822925780131]
rxn00806	[0.2738772561897341]
rxn00493	[0.2738772561897341]
rxn05108	[0.2738772561897341]
rxn12562	[0.30042700507594544]
rJB00237	[0.30042700507594544]
rJB00240	[0.30042700507594544]
rxn05207	[0.30042700507594544]
rJB00238	[0.30042700507594544]
rxn03004	[0.2140758800576852]
rxn13841	[0.02822763785420572]
rxn01644	[0.5177225226592093]
rxn04093	[0.0204947012854063]
rxn05179	[0.21484917371456516]
rxn13794	[np.float64(0.3384448571611215)]
rxn10170	[np.float64(0.3384448571611215)]
rxn05169	[np.float64(0.3384448571611215)]
rxn01352	[0.10865017816971972]
rxn09016	[0.10865017816971972]
rxn05231	[np.float64(0.3384448571611215)]
rxn06076	[np.float64(0.3384448571611215)]
rxn05233	[np.float64(0.3384448571611215)]
rxn06075	[np.float64(0.3384448571611215)]
rxn12498	[np.float64(0.3384448571611215)]
rJB00269	[np.float64(0.3384448571611215)]
rxn05561	[0.5022566495216103]
rxn10154	[0.5022566495216103]
rxn00902	[np.float64(0.3384448571611215)]
rxn00269	[0.0204947012854063]
rxn03541	[0.5579337928169662]
rxn05315	[0.5130827607179296]
rxn10113	[np.float64(0.3384448571611215)]
rJB00267	[np.float64(0.3384448571611215)]
rxn05152	[0.2210355229696047]
rxn05146	[0.2210355229696047]
rxn08861	[0.436268924134522]
rxn00394	[0.10323712257156013]
rxn05197	[0.05915938412940342]
rxn01225	[0.08338925204497494]
rxn08527	[np.float64(0.3384448571611215)]
rxn01732	[0.47957336891979874]
rxn00285	[0.47957336891979874]
rxn05334	[0.12978687145777149]
rxn05329	[0.12978687145777149]
rxn05330	[0.12978687145777149]
rxn13843	[0.12978687145777149]
rxn13840	[0.12978687145777149]
rxn13846	[0.12978687145777149]
rxn10168	[0.30944876440621144]
rxn13842	[0.30944876440621144]
rxn02276	[0.23315045692739045]
rxn01332	[0.22696410767235092]
rxn01388	[0.46049879205009353]
rxn00974	[0.46049879205009353]
rxn00973	[0.46049879205009353]
rxn13886	[0.2210355229696047]
rxn02177	[0.24758527185581602]
rxn05160	[0.27645490171266723]
rxn05549	[0.27645490171266723]
rxn05644	[0.27645490171266723]
rxn05167	[0.27645490171266723]
rxn05173	[0.27645490171266723]
rxn02143	[0.5264865174371819]
rxn02889	[0.5759773114774983]
rxn05649	[0.06766561435508278]
rxn05307	[0.06766561435508278]
rxn05300	[0.06766561435508278]
rxn13811	[0.05915938412940342]
rxn00649	[0.5352505122151546]
rPY00184	[np.float64(0.3384448571611215)]
rxn08229	[np.float64(0.3384448571611215)]
rxn08230	[np.float64(0.3384448571611215)]
rPY00183	[np.float64(0.3384448571611215)]
rxn08231	[np.float64(0.3384448571611215)]
rxn08232	[np.float64(0.3384448571611215)]
rxn13847	[0.23830574797325677]
rxn00065	[0.02513446322668595]
rxn00342	[0.06766561435508278]
rxn05171	[np.float64(0.3384448571611215)]
rxn13853	[np.float64(0.3384448571611215)]
rxn13849	[np.float64(0.3384448571611215)]
rxn05608	[0.5288063984078217]
rJB00222	[np.float64(0.3384448571611215)]
rxn05614	[0.24397656812370966]
rxn05613	[0.24397656812370966]
rPY00218	[0.11586758563393253]
rxn05149	[0.032351870690898746]
rxn06600	[np.float64(0.3384448571611215)]
rxn00165	[0.27542384350349397]
rxn13803	[0.30403570880805186]
rxn06377	[np.float64(0.3384448571611215)]
rxn12549	[np.float64(0.3384448571611215)]
rxn13814	[0.04214692367804468]
rxn13681	[0.04214692367804468]
rxn13919	[0.04214692367804468]
rPY00172	[0.12205393488897207]
rPY00175	[0.12205393488897207]
rxn00175	[0.4491571517491877]
rxn05187	[0.052973034874363875]
rxn05151	[0.0532307994266572]
rxn06216	[0.5458188588591805]
rxn01199	[0.27645490171266723]
rxn08556	[0.1939702449788067]
rxn37440	[0.1939702449788067]
rxn02789	[0.570822020431632]
rxn02811	[0.570822020431632]
rxn03884	[0.07050102443030923]
rxn00214	[0.09730853786881391]
rxn03135	[0.27181513977138755]
rxn13877	[0.46152985025926674]
rxn13913	[0.12385828675502528]
rxn00980	[0.26253561588882823]
rxn01639	[0.10323712257156013]
rxn10174	[np.float64(0.3384448571611215)]
rxn05158	[np.float64(0.3384448571611215)]
rxn05147	[0.30944876440621144]
rxn00299	[0.3259456957529835]
rxn05552	[np.float64(0.3384448571611215)]
rxn05585	[np.float64(0.3384448571611215)]
rxn05621	[np.float64(0.3384448571611215)]
rxn05620	[np.float64(0.3384448571611215)]
rxn05656	[np.float64(0.3384448571611215)]
rxn08900	[0.33006992858967654]
rxn36761	[0.33006992858967654]
rxn05215	[0.5288063984078217]
rxn01834	[0.25093621103562913]
rxn01019	[0.4481260935400144]
rxn13805	[0.30274688604658523]
rxn13807	[0.27490831439890734]
rxn13806	[0.18211307557331424]
rJB00225	[0.3073866479878649]
rxn05560	[0.3073866479878649]
rxn00615	[0.25145174014021576]
rxn00533	[np.float64(0.3384448571611215)]
rxn05332	[0.12978687145777149]
rxn05335	[0.12978687145777149]
rxn05373	[0.12978687145777149]
rxn05423	[0.12978687145777149]
rxn05398	[0.12978687145777149]
rxn05377	[0.12978687145777149]
rxn05427	[0.12978687145777149]
rxn05402	[0.12978687145777149]
rxn05381	[0.12978687145777149]
rxn05431	[0.12978687145777149]
rxn05406	[0.12978687145777149]
rxn07980	[0.12978687145777149]
rxn05361	[0.12978687145777149]
rxn05411	[0.12978687145777149]
rxn05386	[0.12978687145777149]
rxn05415	[0.12978687145777149]
rxn05365	[0.12978687145777149]
rxn05390	[0.12978687145777149]
rxn05369	[0.12978687145777149]
rxn05419	[0.12978687145777149]
rxn05394	[0.12978687145777149]
rxn05462	[0.12978687145777149]
rxn08309	[np.float64(0.3384448571611215)]
rPY00163	[0.31434629089978444]
rPY00168	[0.31434629089978444]
rxn05528	[0.5927320073765636]
rxn05485	[0.49710135847574405]
rxn05626	[0.24784303640810937]
rxn05209	[0.30944876440621144]
rxn05582	[0.30944876440621144]
rxn05172	[0.27361949163744076]
rxn00539	[np.float64(0.3384448571611215)]
rxn00300	[np.float64(0.3384448571611215)]
rxn00048	[0.5512319144573401]
rxn10559	[0.46049879205009353]
rxn12591	[0.46049879205009353]
rxn06280	[0.5270020465417685]
rxn05190	[np.float64(0.3384448571611215)]
rxn13836	[0.30274688604658523]
rxn13823	[0.24758527185581602]
rxn13801	[np.float64(0.3384448571611215)]
rxn00006	[0.06766561435508278]
rxn00691	[0.08906007219542786]
rxn00148	[0.5352505122151546]
rxn00206	[0.5749462532683249]
rxn02305	[0.4599832629455069]
rxn13689	[0.5174647581069158]
rJB00271	[0.5174647581069158]
rxn09240	[0.5009678267601438]
rxn02320	[0.1153520565293459]
rxn05174	[0.3125419390337312]
rxn05533	[0.46642737675283974]
rxn05540	[0.46642737675283974]
rxn05541	[0.46642737675283974]
rxn05542	[0.46642737675283974]
rxn05543	[0.46642737675283974]
rxn05544	[0.46642737675283974]
rxn05545	[0.46642737675283974]
rxn05539	[0.46642737675283974]
rxn05546	[0.46642737675283974]
rxn05537	[0.46642737675283974]
rxn05547	[0.46642737675283974]
rxn05534	[0.46642737675283974]
rxn05535	[0.46642737675283974]
rxn05538	[0.46642737675283974]
rxn05536	[0.46642737675283974]
rxn12848	[0.46642737675283974]
rxn12849	[0.46642737675283974]
rxn12850	[0.46642737675283974]
rxn12851	[0.46642737675283974]
rxn13792	[0.2532560920062689]
rxn13793	[0.2532560920062689]
rxn00470	[0.5087007633289433]
rxn00711	[np.float64(0.3384448571611215)]
rxn08043	[np.float64(0.3384448571611215)]
rxn00003	[np.float64(0.3384448571611215)]
rxn00527	[0.08287372294038832]
rxn00776	[0.2702685524576277]
rxn00414	[0.5154026416885694]
rxn08792	[np.float64(0.3384448571611215)]
rJB00261	[np.float64(0.3384448571611215)]
rxn00405	[np.float64(0.3384448571611215)]
rxn02213	[0.33754510060618265]
rxn00101	[0.06766561435508278]
rxn13859	[0.30403570880805186]
rxn06439	[0.4481260935400144]
rxn13870	[0.002193418072580995]
rxn13888	[0.49710135847574405]
rJB00232	[0.28006360544477366]
rxn00867	[0.22747963677693753]
rxn05347	[0.436268924134522]
rxn05195	[np.float64(0.3384448571611215)]
rxn13107	[0.09395759868900083]
rxn09044	[0.09395759868900083]
rxn05466	[0.265628790516348]
rxn09692	[0.30944876440621144]
rxn00283	[0.012761764716606875]
rxn05145	[0.04652892106703103]
rxn00737	[0.27542384350349397]
rxn08103	[0.30403570880805186]
rxn00692	[0.30403570880805186]
rxn00433	[0.06766561435508278]
rxn05229	[0.25738032484296197]
rxn02938	[0.25738032484296197]
rxn13804	[np.float64(0.3384448571611215)]
rxn00162	[np.float64(0.3384448571611215)]
rxn10196	[0.3125419390337312]
rxn10195	[0.3125419390337312]
rxn10194	[0.3125419390337312]
rxn00640	[0.5512319144573401]
rxn00559	[0.5512319144573401]
rxn05605	[0.5022566495216103]
rxn05654	[0.5022566495216103]
rxn01300	[0.6293345738022142]
rxn05150	[0.30274688604658523]
rxn13918	[0.30274688604658523]
rxn05183	[0.24397656812370966]
rxn05219	[0.24397656812370966]
rxn10042	[0.28238348641541344]
rxn03919	[np.float64(0.3384448571611215)]
rxn02303	[0.3089332353016248]
rxn13890	[0.708726055908555]
rxn00656	[0.08184266473121507]
rxn00927	[0.7275428682259669]
rxn01299	[0.7275428682259669]
rxn00926	[0.002193418072580995]
rxn01137	[0.002193418072580995]
rxn01858	[0.002193418072580995]
rxn00598	[0.45895220473633364]
rxn13865	[0.5187535808683824]
rxn02369	[0.6649060820186916]
rxn02144	[0.5803593088664846]
rxn05673	[0.21304482184851195]
rxn05574	[0.21304482184851195]
rxn01204	[0.5066386469105967]
rxn10132	[0.5579337928169662]
rxn01029	[0.5148871125839828]
rxn00853	[0.12385828675502528]
rxn00856	[0.5061231178060102]
rxn05508	[0.09447312779358745]
rxn00777	[0.337802865158476]
rxn01520	[0.2682064360392812]
rxn01073	[0.5270020465417685]
rxn00758	[0.5270020465417685]
rxn00898	[0.5556139118463265]
rxn09889	[0.5556139118463265]
rxn02175	[np.float64(0.3384448571611215)]
rxn01303	[0.5579337928169662]
rxn01304	[0.5579337928169662]
rxn00953	[0.25299832745397566]
rxn00950	[0.5576760282646729]
rxn00742	[0.5576760282646729]
rxn02302	[0.5576760282646729]
rxn01816	[0.5576760282646729]
rxn01018	[0.4599832629455069]
rxn00351	[0.06766561435508278]
rxn02312	[0.25093621103562913]
rxn00141	[np.float64(0.3384448571611215)]
rxn00717	[0.6262413991746945]
rxn01626	[0.5128249961656363]
rxn11268	[0.6293345738022142]
rxn00330	[0.28109466365394686]
rxn00796	[0.002193418072580995]
rxn02297	[np.float64(0.3384448571611215)]
rxn02277	[0.5579337928169662]
rxn00126	[0.564377906624299]
rxn01200	[np.float64(0.3384448571611215)]
rxn00785	[np.float64(0.3384448571611215)]
rxn01100	[0.5543250890848599]
rxn00786	[0.5079274696720633]
rxn02504	[0.2700107879053344]
rxn00095	[0.25145174014021576]
rxn01116	[0.547880975277527]
rxn00791	[np.float64(0.3384448571611215)]
rxn02507	[0.5855145999123509]
rxn00127	[0.15504779758251624]
rxn12880	[0.5543250890848599]
rxn12510	[0.10787688451283978]
rxn02934	[0.5543250890848599]
rxn12788	[np.float64(0.3384448571611215)]
rxn05221	[0.25944244126130855]
rxn13819	[0.5801015443141913]
rxn00670	[0.5187535808683824]
rxn00985	[0.2359858670026169]
rxn03236	[0.4599832629455069]
rxn04989	[0.6293345738022142]
rxn01805	[0.49710135847574405]
rxn01734	[0.2210355229696047]
rxn00177	[0.30944876440621144]
rxn01637	[np.float64(0.3384448571611215)]
rxn00467	[np.float64(0.3384448571611215)]
rxn00291	[0.2375324543163768]
rxn00541	[0.08184266473121507]
rxn00337	[0.7772914268185765]
rxn10474	[0.33032769314196986]
rxn00303	[0.0949886568981741]
rxn02937	[np.float64(0.3384448571611215)]
rxn13810	[0.30944876440621144]
rxn02988	[0.5288063984078217]
rxn03147	[0.5203001681821424]
rxn13854	[0.22747963677693753]
rxn00019	[0.5579337928169662]
rxn09566	[0.028743166958792348]
rxn00208	[0.028743166958792348]
rxn01252	[0.028743166958792348]
rxn00209	[0.028743166958792348]
rxn01102	[np.float64(0.3384448571611215)]
rxn00455	[np.float64(0.3384448571611215)]
rxn13904	[0.3099642935107981]
rxn01973	[np.float64(0.3384448571611215)]
rxn06023	[0.5311262793784616]
rxn13827	[0.5311262793784616]
rxn10090	[0.19680565505403316]
rxn11544	[np.float64(0.3384448571611215)]
rxn03540	[0.5288063984078217]
rxn13861	[0.5177225226592093]
rxn05517	[0.5130827607179296]
rxn02900	[0.05838609047252347]
rxn00537	[0.06766561435508278]
rxn08707	[np.float64(0.3384448571611215)]
rxn05039	[np.float64(0.3384448571611215)]
rxn00361	[0.5009678267601438]
rxn00250	[0.06946996622113598]
rxn01462	[0.32671898940986344]
rxn13855	[0.650471267090266]
rxn05305	[0.5785549570004314]
rxn09653	[0.5282908693032351]
rxn00010	[0.06766561435508278]
rxn00327	[0.5579337928169662]
rxn01746	[0.55200520811422]
rxn00139	[0.4481260935400144]
rxn02271	[np.float64(0.3384448571611215)]
rxn02867	[np.float64(0.3384448571611215)]
rxn05241	[0.5391169804995544]
rxn05240	[0.5391169804995544]
rxn05242	[0.5391169804995544]
rxn05375	[0.4824087789950252]
rxn05425	[0.4824087789950252]
rxn05400	[0.4824087789950252]
rxn05379	[0.4824087789950252]
rxn05429	[0.4824087789950252]
rxn05404	[0.4824087789950252]
rxn05409	[0.4824087789950252]
rxn05384	[0.4824087789950252]
rxn05460	[0.4824087789950252]
rxn05359	[0.4824087789950252]
rxn05363	[0.4824087789950252]
rxn05413	[0.4824087789950252]
rxn05388	[0.4824087789950252]
rxn05417	[0.4824087789950252]
rxn05367	[0.4824087789950252]
rxn05392	[0.4824087789950252]
rxn05371	[0.4824087789950252]
rxn05421	[0.4824087789950252]
rxn05396	[0.4824087789950252]
rxn05346	[0.4824087789950252]
rxn05348	[0.4824087789950252]
rxn05345	[0.4824087789950252]
rxn13851	[0.4824087789950252]
rxn05350	[0.4824087789950252]
rxn05343	[0.4824087789950252]
rxn05344	[0.4824087789950252]
rxn00189	[0.5785549570004314]
rxn02569	[0.5190113454206758]
rxn01255	[0.5313840439307549]
rxn05104	[0.5811326025233645]
rxn01620	[0.5811326025233645]
rxn05092	[0.08287372294038832]
rxn05091	[0.08287372294038832]
rxn05107	[0.4599832629455069]
rxn01406	[np.float64(0.3384448571611215)]
rxn00222	[0.708726055908555]
rxn00676	[np.float64(0.3384448571611215)]
rxn02167	[np.float64(0.3384448571611215)]
rxn05256	[np.float64(0.3384448571611215)]
rxn01257	[0.06766561435508278]
rxn00147	[0.6262413991746945]
rxn06831	[0.027969873301912408]
rxn05627	[0.24784303640810937]
rxn13884	[0.30944876440621144]
rxn01211	[0.28418783828146665]
rxn00322	[0.5087007633289433]
rxn13809	[0.5231355782573688]
rxn05687	[0.5231355782573688]
rxn10182	[0.5231355782573688]
rxn09660	[0.5231355782573688]
rxn00693	[0.5471076816206469]
rxn05232	[0.55200520811422]
rxn05235	[0.55200520811422]
rxn05234	[0.55200520811422]
rxn05236	[0.55200520811422]
rxn03052	[0.5543250890848599]
rxn00134	[0.46152985025926674]
rxn01987	[0.46152985025926674]
rxn00772	[0.46152985025926674]
rxn01538	[0.46152985025926674]
rxn03900	[0.511793937956463]
rxn03901	[0.511793937956463]
rxn05244	[0.12153840578438543]
rxn05243	[0.12153840578438543]
rxn00988	[0.6316544547728541]
rxn00290	[0.5264865174371819]
rxn05484	[0.45199256182441416]
rxn05683	[0.45199256182441416]
rxn12405	[0.5697909622224586]
rxn00993	[0.5058653532537167]
rxn01825	[0.5579337928169662]
rxn00991	[0.6535644417177857]
rxn01355	[np.float64(0.3384448571611215)]
rxn01504	[0.4349801013730555]
rxn02898	[0.4349801013730555]
rxn00701	[0.49710135847574405]
rxn00213	[0.49710135847574405]
rxn05063	[0.30274688604658523]
rxn08277	[0.30274688604658523]
rxn00102	[0.45199256182441416]
rxn00728	[0.5579337928169662]
rxn01437	[np.float64(0.3384448571611215)]
rxn13299	[0.5579337928169662]
rxn01134	[0.5579337928169662]
rxn13817	[np.float64(0.3384448571611215)]
rxn13643	[0.5579337928169662]
rxn10160	[0.28289901552000013]
rxn05565	[0.28289901552000013]
rxn05572	[0.28289901552000013]
rxn01245	[0.5012255913124372]
rxn02950	[0.5012255913124372]
rxn10537	[0.55200520811422]
rxn01921	[np.float64(0.3384448571611215)]
rxn13791	[np.float64(0.3384448571611215)]
rJB00278	[np.float64(0.3384448571611215)]
rxn01275	[0.5115361734041697]
rxn05571	[np.float64(0.3384448571611215)]
rxn00547	[np.float64(0.3384448571611215)]
rxn09370	[0.5672133166995256]
rxn13797	[0.5282908693032351]
rxn13813	[0.5282908693032351]
rPY00217	[0.06766561435508278]
rxn04786	[0.4599832629455069]
rxn00007	[0.5543250890848599]
rxn10974	[0.22747963677693753]
rxn00588	[np.float64(0.3384448571611215)]
rxn02971	[0.5543250890848599]
rxn02782	[0.028743166958792348]
rxn00478	[0.005286592700100765]
rxn10260	[np.float64(0.3384448571611215)]
rxn10263	[np.float64(0.3384448571611215)]
rxn13815	[np.float64(0.3384448571611215)]
rxn10259	[np.float64(0.3384448571611215)]
rxn10264	[np.float64(0.3384448571611215)]
rxn10262	[np.float64(0.3384448571611215)]
rxn10261	[np.float64(0.3384448571611215)]
rxn09108	[np.float64(0.3384448571611215)]
rxn09109	[np.float64(0.3384448571611215)]
rxn09110	[np.float64(0.3384448571611215)]
rxn09111	[np.float64(0.3384448571611215)]
rxn09112	[np.float64(0.3384448571611215)]
rxn09113	[np.float64(0.3384448571611215)]
rxn09114	[np.float64(0.3384448571611215)]
rxn12221	[0.44993044540606764]
rxn03136	[np.float64(0.3384448571611215)]
rxn00800	[np.float64(0.3384448571611215)]
rxn00336	[0.46152985025926674]
rxn02986	[0.23830574797325677]
rxn06447	[0.30944876440621144]
rxn05559	[0.564377906624299]
rxn01333	[np.float64(0.3384448571611215)]
rxn00191	[0.30944876440621144]
rxn00710	[0.33728733605388933]
rxn03513	[0.4914305383252912]
rxn02775	[0.5819058961802444]
rxn03512	[0.4478683289877211]
rxn03491	[0.11612535018622583]
rxn13800	[0.5599959092353127]
rxn05188	[0.5599959092353127]
rxn03514	[np.float64(0.3384448571611215)]
rxn01513	[0.3249146375438103]
rxn03841	[0.07050102443030923]
rxn05451	[0.650471267090266]
rxn05455	[0.650471267090266]
rxn05453	[0.650471267090266]
rxn05452	[0.650471267090266]
rxn05456	[0.650471267090266]
rxn05454	[0.650471267090266]
rxn05358	[0.650471267090266]
rxn05408	[0.650471267090266]
rxn05383	[0.650471267090266]
rxn05458	[0.650471267090266]
rxn05465	[0.650471267090266]
rxn05459	[0.650471267090266]
rxn05457	[0.650471267090266]
rxn02405	[0.2867654838043998]
rxn13880	[0.2532560920062689]
rxn05306	[0.013792822925780131]
rxn01022	[0.532157337587635]
rxn01360	[0.5612847319967793]
rxn08335	[0.5612847319967793]
rxn36698	[0.5612847319967793]
rxn08336	[0.5612847319967793]
rxn02028	[0.04214692367804468]
rxn05957	[np.float64(0.3384448571611215)]
rxn00790	[0.5401480387087275]
rxn01603	[0.4481260935400144]
rxn00689	[0.4481260935400144]
rxn02508	[0.22979951774757737]
rxn06937	[0.5612847319967793]
rxn13915	[0.5819058961802444]
rxn13916	[0.5819058961802444]
rxn13917	[0.5819058961802444]
rxn00295	[0.5705642558793386]
rxn13833	[0.5496853271435802]
rxn08040	[0.5496853271435802]
rxn13922	[0.5512319144573401]
rxn00297	[0.6306233965636808]
rxn13923	[0.3099642935107981]
rxn13912	[np.float64(0.3384448571611215)]
rxn13911	[0.25944244126130855]
rxn00364	[0.23005728229987069]
rxn01219	[0.23005728229987069]
rxn02476	[0.5512319144573401]
rxn01256	[0.5061231178060102]
rxn01000	[0.5061231178060102]
rxn03445	[0.5061231178060102]
rxn02914	[0.5061231178060102]
rxn03057	[0.2867654838043998]
rxn12892	[0.5401480387087275]
rxn05003	[0.5401480387087275]
rxn08353	[0.5401480387087275]
rxn03395	[0.5401480387087275]
rxn05672	[0.08751348488166798]
rxn05298	[0.08751348488166798]
rxn01476	[0.28238348641541344]
rxn09502	[np.float64(0.3384448571611215)]
rxn00216	[np.float64(0.3384448571611215)]
rxn01477	[np.float64(0.3384448571611215)]
rxn05595	[0.08751348488166798]
rxn09171	[0.25944244126130855]
rxn13873	[0.2542871502154422]
rxn03167	[0.498647945789504]
rxn01398	[0.498647945789504]
rxn08766	[0.5447878006500072]
rxn03511	[0.4481260935400144]
rxn00166	[np.float64(0.3384448571611215)]
rxn00374	[0.4470950353308412]
rxn13864	[np.float64(0.3384448571611215)]
rxn13860	[0.22077775841731137]
rxn13903	[0.05091091845601736]
rxn13902	[np.float64(0.3384448571611215)]
rxn01672	[0.09318430503212088]
rxn06443	[np.float64(0.3384448571611215)]
rPY00215	[np.float64(0.3384448571611215)]
rxn01434	[0.5512319144573401]
rxn01465	[0.3251724020961036]
rxn13920	[0.28083689910165355]
rxn01492	[0.5517474435619267]
rxn02314	[0.5517474435619267]
rxn05581	[0.5187535808683824]
rxn10254	[0.15814097221003606]
rxn10257	[0.15814097221003606]
rxn06139	[0.15814097221003606]
rxn08294	[0.15814097221003606]
rxn08295	[0.15814097221003606]
rxn08296	[0.15814097221003606]
rxn08297	[0.15814097221003606]
rxn08298	[0.15814097221003606]
rxn08299	[0.15814097221003606]
rxn08300	[0.15814097221003606]
rxn10253	[0.15814097221003606]
rxn10258	[0.15814097221003606]
rxn10256	[0.15814097221003606]
rxn10255	[0.15814097221003606]
rxn00132	[0.30274688604658523]
rxn00363	[0.30274688604658523]
rxn01507	[0.30274688604658523]
rxn01218	[0.30274688604658523]
rxn01445	[0.30274688604658523]
rxn01145	[0.30274688604658523]
rxn01521	[0.30274688604658523]
rxn00913	[0.30274688604658523]
rxn00831	[0.30274688604658523]
rxn00708	[0.30274688604658523]
rxn01961	[0.30274688604658523]
rxn03910	[0.5803593088664846]
rxn03907	[0.5471076816206469]
rxn00459	[np.float64(0.3384448571611215)]
rxn02331	[0.4793156043675054]
rxn00412	[np.float64(0.3384448571611215)]
rxn00410	[np.float64(0.3384448571611215)]
rxn06673	[np.float64(0.3384448571611215)]
rxn13874	[np.float64(0.3384448571611215)]
rxn13882	[0.5512319144573401]
rxn13881	[0.5012255913124372]
rxn13889	[np.float64(0.3384448571611215)]
rxn05030	[0.026938815092739148]
rxn00119	[0.6705769021691446]
rxn01517	[0.6705769021691446]
rxn03087	[0.5270020465417685]
rxn03031	[0.12927134235318485]
rxn10206	[0.18211307557331424]
rxn10209	[0.18211307557331424]
rxn08546	[0.18211307557331424]
rxn08547	[0.18211307557331424]
rxn08548	[0.18211307557331424]
rxn08549	[0.18211307557331424]
rxn08551	[0.18211307557331424]
rxn10205	[0.18211307557331424]
rxn10210	[0.18211307557331424]
rxn10208	[0.18211307557331424]
rxn10207	[0.18211307557331424]
rxn10203	[0.18211307557331424]
rxn10202	[0.18211307557331424]
rxn10204	[0.18211307557331424]
rxn08067	[0.5886077745398707]
rxn00097	[0.5886077745398707]
rxn01127	[0.5886077745398707]
rxn08066	[0.5886077745398707]
rxn00251	[np.float64(0.3384448571611215)]
rxn05516	[0.6679992566462114]
rxn03446	[0.7468752096479655]
rxn01069	[0.7468752096479655]
rxn04783	[0.2140758800576852]
rxn01484	[0.5793282506573113]
rxn02005	[0.570822020431632]
rxn03084	[0.5084429987766499]
rxn05301	[0.30326241515117186]
rxn00917	[0.5172069935546226]
rxn00409	[0.49323489019134437]
rxn00839	[0.49323489019134437]
rxn01673	[0.49323489019134437]
rxn01353	[0.49323489019134437]
rxn01512	[0.49323489019134437]
rxn01678	[0.49323489019134437]
rxn00237	[0.49323489019134437]
rxn00117	[0.49323489019134437]
rxn00423	[0.08338925204497494]
rxn06971	[0.26253561588882823]
rxn10144	[np.float64(0.3384448571611215)]
rxn05625	[0.24784303640810937]
rxn05557	[0.5226200491527823]
rxn00131	[np.float64(0.3384448571611215)]
rxn02484	[0.3099642935107981]
rxn03108	[0.3099642935107981]
rxn06441	[np.float64(0.3384448571611215)]
rxn10199	[0.002193418072580995]
rxn02155	[0.49710135847574405]
rxn13044	[0.4599832629455069]
rxn05551	[0.06766561435508278]
rxn00001	[0.06766561435508278]
rxn13826	[np.float64(0.3384448571611215)]
rxn01466	[np.float64(0.3384448571611215)]
rxn03909	[0.48163548533814526]
rxn05515	[0.5476232107252337]
rxn10266	[0.30609782522639833]
rxn10269	[0.30609782522639833]
rxn10265	[0.30609782522639833]
rxn10270	[0.30609782522639833]
rxn10268	[0.30609782522639833]
rxn10267	[0.30609782522639833]
rxn09101	[0.30609782522639833]
rxn09102	[0.30609782522639833]
rxn09103	[0.30609782522639833]
rPY00173	[0.30609782522639833]
rxn09104	[0.30609782522639833]
rxn09105	[0.30609782522639833]
rPY00176	[0.30609782522639833]
rxn09106	[0.30609782522639833]
rxn09107	[0.30609782522639833]
rxn13887	[0.30609782522639833]
rxn00438	[np.float64(0.3384448571611215)]
rxn03080	[0.5855145999123509]
rxn13905	[np.float64(0.3384448571611215)]
rxn02475	[0.4532813845858807]
rxn07099	[0.5685021394609922]
rxn02366	[0.49710135847574405]
rJB00223	[0.2700107879053344]
rxn13798	[np.float64(0.3384448571611215)]
rxn04454	[0.5290641629601152]
rxn01258	[0.55200520811422]
rxn00792	[0.002193418072580995]
rxn05526	[0.4599832629455069]
rxn05618	[0.3089332353016248]
rxn10963	[0.2999114759713588]
rxn01636	[0.02513446322668595]
rxn13883	[np.float64(0.3384448571611215)]
rxn00851	[np.float64(0.3384448571611215)]
rxn02286	[np.float64(0.3384448571611215)]
rxn03408	[0.4491571517491877]
rxn02008	[0.30944876440621144]
rxn03904	[0.7633721409947375]
rxn03164	[np.float64(0.3384448571611215)]
rxn02011	[0.30944876440621144]
rxn03917	[0.2867654838043998]
rxn06448	[0.33754510060618265]
rxn00789	[0.22747963677693753]
rxn00461	[np.float64(0.3384448571611215)]
rxn01117	[0.5476232107252337]
rxn02404	[0.01198847105972693]
rJB00241	[np.float64(0.3384448571611215)]
rxn02402	[np.float64(0.3384448571611215)]
rxn00100	[0.032351870690898746]
rxn00392	[0.6535644417177857]
rxn00179	[np.float64(0.3384448571611215)]
rxn09037	[np.float64(0.3384448571611215)]
rxn05028	[np.float64(0.3384448571611215)]
rxn00014	[0.5579337928169662]
rxn09674	[0.49710135847574405]
rxn00915	[np.float64(0.3384448571611215)]
rxn00836	[np.float64(0.3384448571611215)]
rxn12218	[0.588092245435284]
rxn00193	[0.30944876440621144]
rxn09179	[np.float64(0.3384448571611215)]
rxn03908	[0.3259456957529835]
rxn00770	[0.5203001681821424]
rxn10227	[0.8035834111524945]
rxn10230	[0.8035834111524945]
rxn13816	[0.8035834111524945]
rxn10226	[0.8035834111524945]
rxn10231	[0.8035834111524945]
rxn10229	[0.8035834111524945]
rxn10228	[0.8035834111524945]
rxn09205	[0.8035834111524945]
rxn09206	[0.8035834111524945]
rxn09207	[0.8035834111524945]
rPY00164	[0.8035834111524945]
rxn09208	[0.8035834111524945]
rxn09209	[0.8035834111524945]
rPY00169	[0.8035834111524945]
rxn09210	[0.8035834111524945]
rxn09211	[0.8035834111524945]
rxn00912	[0.06766561435508278]
rxn01791	[np.float64(0.3384448571611215)]
rxn00346	[0.007348709118447277]
rxn01977	[0.4914305383252912]
rxn02380	[0.4914305383252912]
rxn00558	[0.4914305383252912]
rxn00747	[np.float64(0.3384448571611215)]
rxn01485	[0.5342194540059814]
rxn02201	[0.5855145999123509]
rxn10171	[0.6466047988058663]
rxn05470	[0.6466047988058663]
rxn05602	[0.6466047988058663]
rxn10571	[0.5138560543748096]
rxn05616	[0.33032769314196986]
rxn06672	[0.55200520811422]
rxn00832	[0.3365140423970094]
rxn03137	[0.3365140423970094]
rxn02895	[np.float64(0.3384448571611215)]
rxn05157	[0.30944876440621144]
rxn01294	[0.7275428682259669]
rxn00838	[0.5288063984078217]
rxn02875	[0.436268924134522]
rxn01416	[np.float64(0.3384448571611215)]
rxn10233	[0.47699572339686563]
rxn10236	[0.47699572339686563]
rxn10232	[0.47699572339686563]
rxn10237	[0.47699572339686563]
rxn10235	[0.47699572339686563]
rxn10234	[0.47699572339686563]
rxn13894	[0.47699572339686563]
rxn09197	[0.47699572339686563]
rxn09198	[0.47699572339686563]
rxn09199	[0.47699572339686563]
rPY00165	[0.47699572339686563]
rxn09200	[0.47699572339686563]
rxn09201	[0.47699572339686563]
rPY00170	[0.47699572339686563]
rxn09202	[0.47699572339686563]
rxn09203	[0.47699572339686563]
rxn09997	[0.6293345738022142]
rxn00260	[np.float64(0.3384448571611215)]
rxn13878	[0.6466047988058663]
rxn13879	[0.6466047988058663]
rxn03916	[0.49710135847574405]
rxn03918	[0.49710135847574405]
rxn13867	[0.5927320073765636]
rxn13866	[0.5927320073765636]
rxn13869	[0.5927320073765636]
rPY00222	[0.4599832629455069]
rPY00221	[0.5120517025087563]
rxn01575	[0.337802865158476]
rxn00903	[0.337802865158476]
rxn06077	[0.708726055908555]
rxn02268	[0.5927320073765636]
rxn00453	[0.47699572339686563]
rxn02288	[0.4447751543602014]
rxn02212	[0.6262413991746945]
rxn01739	[np.float64(0.3384448571611215)]
rxn06432	[0.5927320073765636]
rxn12879	[0.5045765304922502]
rxn09039	[0.5045765304922502]
rxn02835	[0.650471267090266]
rxn02834	[np.float64(0.3384448571611215)]
rxn01514	[np.float64(0.3384448571611215)]
rxn01642	[0.4599832629455069]
rxn05299	[0.49710135847574405]
rxn05494	[0.46049879205009353]
rxn12604	[np.float64(0.3384448571611215)]
rxn02085	[0.4599832629455069]
rxn01640	[0.6368097458187204]
rxn00549	[0.5032877077307837]
rxn01106	[np.float64(0.3384448571611215)]
rxn03175	[0.27619713716037386]
rxn02473	[0.5806170734187779]
rxn01997	[0.11457876287246596]
rxn01675	[np.float64(0.3384448571611215)]
rxn02000	[0.270526317009921]
rxn10131	[0.6262413991746945]
rxn00395	[0.5370548640812077]
rxn00114	[0.5517474435619267]
rxn00137	[0.5061231178060102]
rxn00247	[0.5476232107252337]
rxn00646	[0.5543250890848599]
rxn00192	[0.5661822584903523]
rxn00469	[0.5543250890848599]
rxn08968	[0.5543250890848599]
rxn09040	[0.6463470342535731]
rxn13108	[0.2290262240906974]
rxn09042	[0.2290262240906974]
rxn10165	[0.2723306688759742]
rxn00029	[np.float64(0.3384448571611215)]
rxn02264	[0.47699572339686563]
rxn00060	[np.float64(0.3384448571611215)]
rxn00802	[0.28083689910165355]
rxn10581	[0.33677180694930275]
rxn00313	[0.5148871125839828]
rxn01974	[0.7553814398736449]
rxn08262	[0.6262413991746945]
rxn09167	[0.49710135847574405]
rxn37076	[0.2290262240906974]
rxn09177	[0.2816101927585335]
rxn02341	[0.2816101927585335]
rxn01519	[0.30274688604658523]
rxn00704	[0.5471076816206469]
rxn01329	[0.5471076816206469]
rxn01917	[0.4481260935400144]
rxn01362	[0.5661822584903523]
rxn01509	[0.47570690063539905]
rxn00239	[0.47570690063539905]
rxn00242	[np.float64(0.3384448571611215)]
rxn00966	[0.504318765939957]
rxn03893	[0.10865017816971972]
rxn05034	[0.10865017816971972]
rxn05638	[np.float64(0.3384448571611215)]
rxn13818	[np.float64(0.3384448571611215)]
rxn10053	[0.25738032484296197]
rxn05115	[0.3251724020961036]
rxn00347	[np.float64(0.3384448571611215)]
rxn13899	[0.5447878006500072]
rxn13900	[0.5056075887014235]
rxn13901	[0.4790578398152122]
rxn00642	[0.629076809249921]
rxn05214	[0.2638244386502948]
rxn05211	[0.5471076816206469]
rxn10151	[0.5373126286335012]
rxn05217	[0.5373126286335012]
rxn05297	[0.08751348488166798]
rxn13832	[0.5543250890848599]
rxn00124	[0.49710135847574405]
rxn01807	[0.49710135847574405]
rxn01396	[0.49710135847574405]
rxn05493	[np.float64(0.3384448571611215)]
rxn00555	[np.float64(0.3384448571611215)]
rxn03638	[0.47957336891979874]
rxn00293	[0.47957336891979874]
rxn05064	[np.float64(0.3384448571611215)]
rxn05467	[np.float64(0.3384448571611215)]
rxn05319	[np.float64(0.3384448571611215)]
rxn10577	[np.float64(0.3384448571611215)]
rxn05468	[np.float64(0.3384448571611215)]
rPY00182	[np.float64(0.3384448571611215)]
rxn13868	[np.float64(0.3384448571611215)]
rPY00219	[0.55200520811422]
rxn13876	[np.float64(0.3384448571611215)]
rxn13871	[np.float64(0.3384448571611215)]
rPY00180	[np.float64(0.3384448571611215)]
rPY00166	[np.float64(0.3384448571611215)]
rPY00171	[np.float64(0.3384448571611215)]
rPY00174	[np.float64(0.3384448571611215)]
rPY00177	[np.float64(0.3384448571611215)]
rxn13926	[np.float64(0.3384448571611215)]
rxn02250	[np.float64(0.3384448571611215)]
rxn01093	[np.float64(0.3384448571611215)]
rxn05118	[np.float64(0.3384448571611215)]
rxn13799	[np.float64(0.3384448571611215)]
rxn05488	[0.4599832629455069]
rxn01748	[np.float64(0.3384448571611215)]
rxn05495	[np.float64(0.3384448571611215)]
rxn05511	[np.float64(0.3384448571611215)]
rxn13789	[np.float64(0.3384448571611215)]
rxn13921	[np.float64(0.3384448571611215)]
rxn13822	[np.float64(0.3384448571611215)]
rxn13825	[np.float64(0.3384448571611215)]
rxn09683	[np.float64(0.3384448571611215)]
EX_cpd00797_e	[np.float64(0.3384448571611215)]
EX_cpd17085_e	[np.float64(0.3384448571611215)]
EX_cpd00176_e	[np.float64(0.3384448571611215)]
EX_cpd00024_e	[np.float64(0.3384448571611215)]
EX_cpd00489_e	[np.float64(0.3384448571611215)]
EX_cpd00029_e	[np.float64(0.3384448571611215)]
EX_cpd00142_e	[np.float64(0.3384448571611215)]
EX_cpd00182_e	[np.float64(0.3384448571611215)]
EX_cpd11587_e	[np.float64(0.3384448571611215)]
EX_cpd11584_e	[np.float64(0.3384448571611215)]
EX_cpd11593_e	[np.float64(0.3384448571611215)]
EX_cpd11583_e	[np.float64(0.3384448571611215)]
EX_cpd11586_e	[np.float64(0.3384448571611215)]
EX_cpd11582_e	[np.float64(0.3384448571611215)]
EX_cpd01092_e	[np.float64(0.3384448571611215)]
EX_cpd00162_e	[np.float64(0.3384448571611215)]
EX_cpd01262_e	[np.float64(0.3384448571611215)]
EX_cpd01048_e	[np.float64(0.3384448571611215)]
EX_cpd04098_e	[np.float64(0.3384448571611215)]
EX_cpd00540_e	[np.float64(0.3384448571611215)]
EX_cpd11596_e	[np.float64(0.3384448571611215)]
EX_cpd00211_e	[np.float64(0.3384448571611215)]
EX_cpd00063_e	[np.float64(0.3384448571611215)]
EX_cpd00635_e	[np.float64(0.3384448571611215)]
EX_cpd01012_e	[np.float64(0.3384448571611215)]
EX_cpd00098_e	[np.float64(0.3384448571611215)]
EX_cpd11595_e	[np.float64(0.3384448571611215)]
EX_cpd00137_e	[np.float64(0.3384448571611215)]
EX_cpd00099_e	[np.float64(0.3384448571611215)]
EX_cpd00011_e	[np.float64(0.3384448571611215)]
EX_cpd00149_e	[np.float64(0.3384448571611215)]
EX_cpd00058_e	[np.float64(0.3384448571611215)]
EX_cpd01015_e	[np.float64(0.3384448571611215)]
EX_cpd01017_e	[np.float64(0.3384448571611215)]
EX_cpd00381_e	[np.float64(0.3384448571611215)]
EX_cpd00367_e	[np.float64(0.3384448571611215)]
EX_cpd00307_e	[np.float64(0.3384448571611215)]
EX_cpd00117_e	[np.float64(0.3384448571611215)]
EX_cpd00438_e	[np.float64(0.3384448571611215)]
EX_cpd00654_e	[np.float64(0.3384448571611215)]
EX_cpd00277_e	[np.float64(0.3384448571611215)]
EX_cpd03279_e	[np.float64(0.3384448571611215)]
EX_cpd00412_e	[np.float64(0.3384448571611215)]
EX_cpd00082_e	[np.float64(0.3384448571611215)]
EX_cpd00072_e	[np.float64(0.3384448571611215)]
EX_cpd00653_e	[np.float64(0.3384448571611215)]
EX_cpd00280_e	[np.float64(0.3384448571611215)]
EX_cpd00609_e	[np.float64(0.3384448571611215)]
EX_cpd00027_e	[np.float64(0.3384448571611215)]
EX_cpd00079_e	[np.float64(0.3384448571611215)]
EX_cpd00221_e	[np.float64(0.3384448571611215)]
EX_cpd01307_e	[np.float64(0.3384448571611215)]
EX_cpd00386_e	[np.float64(0.3384448571611215)]
EX_cpd00637_e	[np.float64(0.3384448571611215)]
EX_cpd00652_e	[np.float64(0.3384448571611215)]
EX_cpd00105_e	[np.float64(0.3384448571611215)]
EX_cpd00550_e	[np.float64(0.3384448571611215)]
EX_cpd11579_e	[np.float64(0.3384448571611215)]
EX_cpd00021_e	[np.float64(0.3384448571611215)]
EX_cpd10516_e	[np.float64(0.3384448571611215)]
EX_cpd03724_e	[np.float64(0.3384448571611215)]
EX_cpd00106_e	[np.float64(0.3384448571611215)]
EX_cpd00108_e	[np.float64(0.3384448571611215)]
EX_cpd00164_e	[np.float64(0.3384448571611215)]
EX_cpd11581_e	[np.float64(0.3384448571611215)]
EX_cpd11589_e	[np.float64(0.3384448571611215)]
EX_cpd00100_e	[np.float64(0.3384448571611215)]
EX_cpd00080_e	[np.float64(0.3384448571611215)]
EX_cpd00033_e	[np.float64(0.3384448571611215)]
EX_cpd00139_e	[np.float64(0.3384448571611215)]
EX_cpd15603_e	[np.float64(0.3384448571611215)]
EX_cpd11580_e	[np.float64(0.3384448571611215)]
EX_cpd11592_e	[np.float64(0.3384448571611215)]
EX_cpd15604_e	[np.float64(0.3384448571611215)]
EX_cpd11591_e	[np.float64(0.3384448571611215)]
EX_cpd15605_e	[np.float64(0.3384448571611215)]
EX_cpd11588_e	[np.float64(0.3384448571611215)]
EX_cpd15606_e	[np.float64(0.3384448571611215)]
EX_cpd00067_e	[np.float64(0.3384448571611215)]
EX_cpd00001_e	[np.float64(0.3384448571611215)]
EX_cpd00268_e	[np.float64(0.3384448571611215)]
EX_cpd11578_e	[np.float64(0.3384448571611215)]
EX_cpd00531_e	[np.float64(0.3384448571611215)]
EX_cpd00226_e	[np.float64(0.3384448571611215)]
EX_cpd00246_e	[np.float64(0.3384448571611215)]
EX_cpd03048_e	[np.float64(0.3384448571611215)]
EX_cpd00205_e	[np.float64(0.3384448571611215)]
EX_cpd03091_e	[np.float64(0.3384448571611215)]
EX_cpd00035_e	[np.float64(0.3384448571611215)]
EX_cpd11585_e	[np.float64(0.3384448571611215)]
EX_cpd00224_e	[np.float64(0.3384448571611215)]
EX_cpd00051_e	[np.float64(0.3384448571611215)]
EX_cpd00132_e	[np.float64(0.3384448571611215)]
EX_cpd00041_e	[np.float64(0.3384448571611215)]
EX_cpd00395_e	[np.float64(0.3384448571611215)]
EX_cpd00084_e	[np.float64(0.3384448571611215)]
EX_cpd00023_e	[np.float64(0.3384448571611215)]
EX_cpd00053_e	[np.float64(0.3384448571611215)]
EX_cpd00119_e	[np.float64(0.3384448571611215)]
EX_cpd00121_e	[np.float64(0.3384448571611215)]
EX_cpd00322_e	[np.float64(0.3384448571611215)]
EX_cpd00159_e	[np.float64(0.3384448571611215)]
EX_cpd00107_e	[np.float64(0.3384448571611215)]
EX_cpd00039_e	[np.float64(0.3384448571611215)]
EX_cpd00130_e	[np.float64(0.3384448571611215)]
EX_cpd00060_e	[np.float64(0.3384448571611215)]
EX_cpd11576_e	[np.float64(0.3384448571611215)]
EX_cpd01914_e	[np.float64(0.3384448571611215)]
EX_cpd00066_e	[np.float64(0.3384448571611215)]
EX_cpd00129_e	[np.float64(0.3384448571611215)]
EX_cpd00054_e	[np.float64(0.3384448571611215)]
EX_cpd00161_e	[np.float64(0.3384448571611215)]
EX_cpd00065_e	[np.float64(0.3384448571611215)]
EX_cpd00069_e	[np.float64(0.3384448571611215)]
EX_cpd00156_e	[np.float64(0.3384448571611215)]
EX_cpd00308_e	[np.float64(0.3384448571611215)]
EX_cpd01329_e	[np.float64(0.3384448571611215)]
EX_cpd00179_e	[np.float64(0.3384448571611215)]
EX_cpd08023_e	[np.float64(0.3384448571611215)]
EX_cpd11590_e	[np.float64(0.3384448571611215)]
EX_cpd00254_e	[np.float64(0.3384448571611215)]
EX_cpd00030_e	[np.float64(0.3384448571611215)]
EX_cpd11574_e	[np.float64(0.3384448571611215)]
EX_cpd11575_e	[np.float64(0.3384448571611215)]
EX_cpd00971_e	[np.float64(0.3384448571611215)]
EX_cpd00122_e	[np.float64(0.3384448571611215)]
EX_cpd00013_e	[np.float64(0.3384448571611215)]
EX_cpd00244_e	[np.float64(0.3384448571611215)]
EX_cpd00209_e	[np.float64(0.3384448571611215)]
EX_cpd00075_e	[np.float64(0.3384448571611215)]
EX_cpd00528_e	[np.float64(0.3384448571611215)]
EX_cpd00007_e	[np.float64(0.3384448571611215)]
EX_cpd00064_e	[np.float64(0.3384448571611215)]
EX_cpd04097_e	[np.float64(0.3384448571611215)]
EX_cpd00009_e	[np.float64(0.3384448571611215)]
EX_cpd00012_e	[np.float64(0.3384448571611215)]
EX_cpd00141_e	[np.float64(0.3384448571611215)]
EX_cpd00118_e	[np.float64(0.3384448571611215)]
EX_cpd00020_e	[np.float64(0.3384448571611215)]
EX_cpd00588_e	[np.float64(0.3384448571611215)]
EX_cpd00264_e	[np.float64(0.3384448571611215)]
EX_cpd00036_e	[np.float64(0.3384448571611215)]
EX_cpd00048_e	[np.float64(0.3384448571611215)]
EX_cpd09878_e	[np.float64(0.3384448571611215)]
EX_cpd00210_e	[np.float64(0.3384448571611215)]
EX_cpd00305_e	[np.float64(0.3384448571611215)]
EX_cpd00184_e	[np.float64(0.3384448571611215)]
EX_cpd01242_e	[np.float64(0.3384448571611215)]
EX_cpd00851_e	[np.float64(0.3384448571611215)]
EX_cpd00092_e	[np.float64(0.3384448571611215)]
EX_cpd00073_e	[np.float64(0.3384448571611215)]
EX_cpd00249_e	[np.float64(0.3384448571611215)]
EX_cpd03424_e	[np.float64(0.3384448571611215)]
EX_cpd00423_e	[np.float64(0.3384448571611215)]
EX_cpd00309_e	[np.float64(0.3384448571611215)]
EX_cpd00306_e	[np.float64(0.3384448571611215)]
EX_cpd00154_e	[np.float64(0.3384448571611215)]
EX_cpd00034_e	[np.float64(0.3384448571611215)]
rxn00695	[np.float64(0.3384448571611215)]
rxn13837	[np.float64(0.3384448571611215)]
rxn01730	[np.float64(0.3384448571611215)]
rxn09680	[np.float64(0.3384448571611215)]
rxn02374	[np.float64(0.3384448571611215)]
rxn01996	[np.float64(0.3384448571611215)]
rxn00602	[np.float64(0.3384448571611215)]
rxn10772	[np.float64(0.3384448571611215)]
rxn10076	[np.float64(0.3384448571611215)]
rxn00420	[np.float64(0.3384448571611215)]
rxn13924	[np.float64(0.3384448571611215)]
rxn13893	[np.float64(0.3384448571611215)]
rxn05469	[np.float64(0.3384448571611215)]
rxn13796	[np.float64(0.3384448571611215)]
EX_cpd00331_e	[np.float64(0.3384448571611215)]
EX_cpd00089_e	[np.float64(0.3384448571611215)]
EX_cpd00314_e	[np.float64(0.3384448571611215)]
EX_cpd00380_e	[np.float64(0.3384448571611215)]
EX_cpd00581_e	[np.float64(0.3384448571611215)]
EX_cpd00281_e	[np.float64(0.3384448571611215)]
ATPM	[np.float64(0.3384448571611215)]
rJB00282	[0.270526317009921]
rxn00738	[0.4488993871968943]
PA14_Biomass	[np.float64(0.3384448571611215)]
rxn11546	[0.08338925204497494]
rxn00601	[0.30944876440621144]
rxn02927	[0.6262413991746945]
rxn02944	[np.float64(0.3384448571611215)]
rxn03422	[np.float64(0.3384448571611215)]
rJB00283	[0.5543250890848599]
rJB00284	[0.5543250890848599]
rJB00285	[np.float64(0.3384448571611215)]
rxn05964	[0.002193418072580995]
rxn06079	[0.002193418072580995]
rxn06087	[0.002193418072580995]
rxn05901	[0.2999114759713588]
rxn06140	[0.2867654838043998]
rxn06043	[0.31434629089978444]
rxn04684	[0.33754510060618265]
rxn00538	[np.float64(0.3384448571611215)]
rxn05829	[np.float64(0.3384448571611215)]
rxn05824	[np.float64(0.3384448571611215)]
rxn00182	[0.45740561742257374]
rxn02749	[0.570822020431632]
rxn02751	[0.570822020431632]
rxn00735	[np.float64(0.3384448571611215)]
rxn03062	[np.float64(0.3384448571611215)]
rxn01208	[np.float64(0.3384448571611215)]
rxn03436	[0.5579337928169662]
rxn03435	[0.5579337928169662]
rxn02187	[0.5579337928169662]
rxn03068	[0.5579337928169662]
rxn03437	[0.5556139118463265]
rxn00804	[0.19680565505403316]
rxn01573	[0.19680565505403316]
rxn00904	[0.30944876440621144]
EX_cJB00127_e	[np.float64(0.3384448571611215)]
EX_cpd00047_e	[np.float64(0.3384448571611215)]
EX_cpd00059_e	[np.float64(0.3384448571611215)]
EX_cpd00085_e	[np.float64(0.3384448571611215)]
EX_cpd00136_e	[np.float64(0.3384448571611215)]
EX_cpd00147_e	[np.float64(0.3384448571611215)]
EX_cpd00152_e	[np.float64(0.3384448571611215)]
EX_cpd00170_e	[np.float64(0.3384448571611215)]
EX_cpd00186_e	[np.float64(0.3384448571611215)]
EX_cpd00214_e	[np.float64(0.3384448571611215)]
EX_cpd00222_e	[np.float64(0.3384448571611215)]
EX_cpd00229_e	[np.float64(0.3384448571611215)]
EX_cpd00247_e	[np.float64(0.3384448571611215)]
EX_cpd00266_e	[np.float64(0.3384448571611215)]
EX_cpd00363_e	[np.float64(0.3384448571611215)]
EX_cpd00379_e	[np.float64(0.3384448571611215)]
EX_cpd00480_e	[np.float64(0.3384448571611215)]
EX_cpd00666_e	[np.float64(0.3384448571611215)]
EX_cpd00794_e	[np.float64(0.3384448571611215)]
EX_cpd00870_e	[np.float64(0.3384448571611215)]
EX_cpd01293_e	[np.float64(0.3384448571611215)]
EX_cpd01502_e	[np.float64(0.3384448571611215)]
EX_cpd01630_e	[np.float64(0.3384448571611215)]
EX_cpd01947_e	[np.float64(0.3384448571611215)]
EX_cpd02012_e	[np.float64(0.3384448571611215)]
EX_cpd03294_e	[np.float64(0.3384448571611215)]
EX_cpd03726_e	[np.float64(0.3384448571611215)]
EX_cpd03847_e	[np.float64(0.3384448571611215)]
EX_cpd04099_e	[np.float64(0.3384448571611215)]
EX_cpd07061_e	[np.float64(0.3384448571611215)]
EX_cpd11608_e	[np.float64(0.3384448571611215)]
EX_cpd15901_e	[np.float64(0.3384448571611215)]
EX_cpd17074_e	[np.float64(0.3384448571611215)]
EX_cpd00212_e	[np.float64(0.3384448571611215)]
EX_cpd00138_e	[np.float64(0.3384448571611215)]
EX_cpd03587_e	[np.float64(0.3384448571611215)]
EX_cpd00477_e	[np.float64(0.3384448571611215)]
rLD05146	[0.2210355229696047]
rLD05298	[0.08751348488166798]
rxn12634	[0.32439910843922365]
rxn12638	[0.32439910843922365]
rxn02360	[0.010957412850553676]
rLD02946	[np.float64(0.3384448571611215)]
rxn01635	[0.30274688604658523]
rxn00196	[0.25145174014021576]
rxn00178	[np.float64(0.3384448571611215)]
rxn01725	[0.5210734618390223]
rLD01726	[np.float64(0.3384448571611215)]
rLD01727	[np.float64(0.3384448571611215)]
rxn12739	[0.5512319144573401]
rxn03040	[0.3125419390337312]
rxn03041	[0.2359858670026169]
rxn04706	[0.49710135847574405]
rxn01203	[0.5940208301380302]
rxn07430	[np.float64(0.3384448571611215)]
rxn07431	[np.float64(0.3384448571611215)]
rxn01925	[0.5788127215527247]
rxn01924	[0.002193418072580995]
rxn02949	[np.float64(0.3384448571611215)]
rxn02925	[0.08184266473121507]
rxn12751	[np.float64(0.3384448571611215)]
EX_cpd01949_e	[np.float64(0.3384448571611215)]
EX_cpd00361_e	[np.float64(0.3384448571611215)]
EX_cpd00158_e	[np.float64(0.3384448571611215)]
EX_cpd00155_e	[np.float64(0.3384448571611215)]
EX_cpd00040_e	[np.float64(0.3384448571611215)]
EX_cpd00294_e	[np.float64(0.3384448571611215)]
EX_cpd03320_e	[np.float64(0.3384448571611215)]
EX_cpd00094_e	[np.float64(0.3384448571611215)]
EX_cpd00227_e	[np.float64(0.3384448571611215)]
EX_cpd00599_e	[np.float64(0.3384448571611215)]
rxn00994	[np.float64(0.3384448571611215)]
rxn00875	[np.float64(0.3384448571611215)]
protein_rxn	[np.float64(0.3384448571611215)]
rna_rxn	[np.float64(0.3384448571611215)]
dna_rxn	[np.float64(0.3384448571611215)]
lipid_rxn	[np.float64(0.3384448571611215)]
SK_cpd11416_c	[np.float64(0.3384448571611215)]
DM_cpd00002_c	[np.float64(0.3384448571611215), 0.002193418072580995]
