"","log2FC","p","condition","metab"
"(3'-5')-adenylyladenosine*",-0.913291645536974,0.018,"untreated_24-0","(3'-5')-adenylyladenosine*"
"1-carboxyethylisoleucine",4.15632401758257,0.009,"untreated_24-0","1-carboxyethylisoleucine"
"1-carboxyethylleucine",3.31885901765286,0.057,"untreated_24-0","1-carboxyethylleucine"
"1-carboxyethylphenylalanine",2.59796254481773,0.000686,"untreated_24-0","1-carboxyethylphenylalanine"
"1-carboxyethyltyrosine",-0.0945888580793266,0.023,"untreated_24-0","1-carboxyethyltyrosine"
"1-carboxyethylvaline",3.13851755449441,3.56e-05,"untreated_24-0","1-carboxyethylvaline"
"1-palmitoyl-2-oleoyl-GPE (16:0/18:1)",-3.77755691765833,0.879,"untreated_24-0","1-palmitoyl-2-oleoyl-GPE (16:0/18:1)"
"1,5-anhydroglucitol (1,5-AG)",3.13676019138384,0.049,"untreated_24-0","1,5-anhydroglucitol (1,5-AG)"
"10-undecenoate (11:1n1)",6.42858655360765,0.933,"untreated_24-0","10-undecenoate (11:1n1)"
"2'-deoxyadenosine 5'-monophosphate",-2.52700754853335,0.788,"untreated_24-0","2'-deoxyadenosine 5'-monophosphate"
"2'-deoxyuridine",2.6359300631088,0.018,"untreated_24-0","2'-deoxyuridine"
"2'-O-methyluridine",1.98015331977072,0.999,"untreated_24-0","2'-O-methyluridine"
"2-aminoadipate",3.50651953108025,0.529,"untreated_24-0","2-aminoadipate"
"2-heptyl-1H-quinolin-4-one (HHQ)",3.42868038820602,0.007,"untreated_24-0","2-heptyl-1H-quinolin-4-one (HHQ)"
"2-hydroxyphenylacetate",0.652460770398851,0.028,"untreated_24-0","2-hydroxyphenylacetate"
"2-keto-3-deoxy-gluconate",3.0111586664696,0.009,"untreated_24-0","2-keto-3-deoxy-gluconate"
"2-methylcitrate/homocitrate",2.08621172898343,0.116,"untreated_24-0","2-methylcitrate/homocitrate"
"2-methylserine",2.03993230217669,0.993,"untreated_24-0","2-methylserine"
"2,4-diaminobutyrate",2.92863705039286,6.19e-05,"untreated_24-0","2,4-diaminobutyrate"
"3-(4-hydroxyphenyl)lactate",5.78948447640876,0.019,"untreated_24-0","3-(4-hydroxyphenyl)lactate"
"3-hydroxy-2-ethylpropionate",5.93585696474755,0.094,"untreated_24-0","3-hydroxy-2-ethylpropionate"
"3-hydroxyhexanoate",0.766417355187798,0.51,"untreated_24-0","3-hydroxyhexanoate"
"3-hydroxyisobutyrate",1.30857636935159,0.293,"untreated_24-0","3-hydroxyisobutyrate"
"3-methyl-2-oxovalerate",3.13528977356147,0.014,"untreated_24-0","3-methyl-2-oxovalerate"
"3-methylglutaconate",3.99148271230889,0.004,"untreated_24-0","3-methylglutaconate"
"3-phosphoglycerate",1.32259312723538,0.117,"untreated_24-0","3-phosphoglycerate"
"3-phosphoserine",3.29163429183792,0.365,"untreated_24-0","3-phosphoserine"
"3-ureidopropionate",5.18824071660701,0.856,"untreated_24-0","3-ureidopropionate"
"3,4-dihydroxy-1,5-cyclohexadiene-1-carboxylic acid",1.35007082017047,0.159,"untreated_24-0","3,4-dihydroxy-1,5-cyclohexadiene-1-carboxylic acid"
"4-acetamidobutanoate",4.85266658359393,0.998,"untreated_24-0","4-acetamidobutanoate"
"4-hydroxybenzoate",1.55326911625021,0.018,"untreated_24-0","4-hydroxybenzoate"
"4-hydroxyphenylacetate",3.79801775710943,0.031,"untreated_24-0","4-hydroxyphenylacetate"
"4-hydroxyphenylpyruvate",0.427560382136552,0.248,"untreated_24-0","4-hydroxyphenylpyruvate"
"4-imidazoleacetate",1.79936042946506,0.531,"untreated_24-0","4-imidazoleacetate"
"4-methyl-2-oxopentanoate",5.91015940918964,0.071,"untreated_24-0","4-methyl-2-oxopentanoate"
"5-(2-Hydroxyethyl)-4-methylthiazole",-8.52638700702708,0.017,"untreated_24-0","5-(2-Hydroxyethyl)-4-methylthiazole"
"5-oxoproline",1.73886486638687,9.79e-06,"untreated_24-0","5-oxoproline"
"5,6-dihydrouridine",3.12324036660417,0.019,"untreated_24-0","5,6-dihydrouridine"
"8-hydroxyguanine",2.42929661577256,0.004,"untreated_24-0","8-hydroxyguanine"
"adenosine-2',3'-cyclic monophosphate",0.447202685808171,0.000404,"untreated_24-0","adenosine-2',3'-cyclic monophosphate"
"adenosine 2'-monophosphate (2'-AMP)",-0.242425775621211,0.007,"untreated_24-0","adenosine 2'-monophosphate (2'-AMP)"
"adenosine 5'-monophosphate (AMP)",-4.06990317102605,0.508,"untreated_24-0","adenosine 5'-monophosphate (AMP)"
"alanine",4.79910680368622,0.007,"untreated_24-0","alanine"
"alanylleucine",1.18272268099843,0.008,"untreated_24-0","alanylleucine"
"allo-threonine",1.76420736343007,0.187,"untreated_24-0","allo-threonine"
"alpha-ketoglutarate",2.10714707984318,0.004,"untreated_24-0","alpha-ketoglutarate"
"anthranilate",1.94058855939274,0.059,"untreated_24-0","anthranilate"
"arabonate/xylonate",1.91853793632039,0.00077,"untreated_24-0","arabonate/xylonate"
"arginine",0.974416206029076,0.48,"untreated_24-0","arginine"
"asparagine",3.61673833800074,5.03e-05,"untreated_24-0","asparagine"
"aspartate",5.7035566332726,0.016,"untreated_24-0","aspartate"
"butyrylglutamine/isobutyrylglutamine",0.0678468884704897,0.000272,"untreated_24-0","butyrylglutamine/isobutyrylglutamine"
"cadaverine",2.80460957834077,0.452,"untreated_24-0","cadaverine"
"carnitine",-1.49078374975804,0.000477,"untreated_24-0","carnitine"
"catechol sulfate",-1.38667070122879,0.000673,"untreated_24-0","catechol sulfate"
"choline",2.72643955394329,5.94e-05,"untreated_24-0","choline"
"cis-urocanate",2.34083778210385,0.676,"untreated_24-0","cis-urocanate"
"citrate",1.54381245292643,0.022,"untreated_24-0","citrate"
"cyano-alanine",2.05724314957418,0.000332,"untreated_24-0","cyano-alanine"
"cysteine-glutathione disulfide",1.90879225419944,0.005,"untreated_24-0","cysteine-glutathione disulfide"
"cysteine s-sulfate",0.676797378952038,1.16e-05,"untreated_24-0","cysteine s-sulfate"
"cysteinylglycine disulfide*",3.60438328403241,0.056,"untreated_24-0","cysteinylglycine disulfide*"
"dimethylarginine (SDMA + ADMA)",2.71597575186785,0.01,"untreated_24-0","dimethylarginine (SDMA + ADMA)"
"dimethylglycine",2.0483377980272,0.252,"untreated_24-0","dimethylglycine"
"erythritol",4.61525090342061,0.762,"untreated_24-0","erythritol"
"flavin adenine dinucleotide (FAD)",1.13824938517129,0.003,"untreated_24-0","flavin adenine dinucleotide (FAD)"
"fumarate",0.117452673470598,0.339,"untreated_24-0","fumarate"
"gamma-glutamylglutamate",-0.751648549525237,0.758,"untreated_24-0","gamma-glutamylglutamate"
"gamma-glutamylglutamine",1.75502489278974,0.004,"untreated_24-0","gamma-glutamylglutamine"
"gamma-glutamylglycine",3.1406591912702,0.872,"untreated_24-0","gamma-glutamylglycine"
"gamma-glutamylisoleucine*",2.78358575772836,0.008,"untreated_24-0","gamma-glutamylisoleucine*"
"gamma-glutamylleucine",4.02202903579488,0.013,"untreated_24-0","gamma-glutamylleucine"
"gamma-glutamylmethionine",0.256927001033004,0.003,"untreated_24-0","gamma-glutamylmethionine"
"gamma-glutamylphenylalanine",4.62515740845947,0.008,"untreated_24-0","gamma-glutamylphenylalanine"
"gamma-glutamyltryptophan",3.01387374495528,0.105,"untreated_24-0","gamma-glutamyltryptophan"
"gamma-glutamyltyrosine",3.1180524596013,0.003,"untreated_24-0","gamma-glutamyltyrosine"
"glucose",2.21601533783639,0.295,"untreated_24-0","glucose"
"glutamate",6.0339047306217,0.118,"untreated_24-0","glutamate"
"glutamine",4.36854043921749,2.55e-05,"untreated_24-0","glutamine"
"glutaminylleucine",4.1710167245913,0.000831,"untreated_24-0","glutaminylleucine"
"glycerophosphoethanolamine",1.28987185433938,0.321,"untreated_24-0","glycerophosphoethanolamine"
"glycine",2.70710895833096,2.01e-07,"untreated_24-0","glycine"
"glycylisoleucine",4.19584749596596,2.04e-05,"untreated_24-0","glycylisoleucine"
"glycylleucine",2.90623260039726,0.004,"untreated_24-0","glycylleucine"
"glycylvaline",1.50949224441365,0.003,"untreated_24-0","glycylvaline"
"guanosine-2',3'-cyclic monophosphate",0.471564846774205,0.000287,"untreated_24-0","guanosine-2',3'-cyclic monophosphate"
"guanosine 2'-monophosphate (2'-GMP)*",3.64097788698944,0.838,"untreated_24-0","guanosine 2'-monophosphate (2'-GMP)*"
"guanosine 3'-monophosphate (3'-GMP)",1.33630908012643,0.432,"untreated_24-0","guanosine 3'-monophosphate (3'-GMP)"
"gulonate*",2.19074222268292,0.000202,"untreated_24-0","gulonate*"
"hippurate",1.32435619195908,0.000196,"untreated_24-0","hippurate"
"histamine",-0.443403475736191,0.232,"untreated_24-0","histamine"
"histidine",2.99901081839315,0.901,"untreated_24-0","histidine"
"histidinol",1.4067683610875,0.021,"untreated_24-0","histidinol"
"histidylalanine",5.20247778549644,2.58e-07,"untreated_24-0","histidylalanine"
"homoserine",1.98162544906451,0.439,"untreated_24-0","homoserine"
"indoleacetate",2.96991618323149,0.889,"untreated_24-0","indoleacetate"
"isoleucine",2.39626306494484,0.005,"untreated_24-0","isoleucine"
"isoleucylglycine",2.33338240232293,0.002,"untreated_24-0","isoleucylglycine"
"isovalerate (i5:0)",3.86268777657914,0.343,"untreated_24-0","isovalerate (i5:0)"
"kynurenate",3.31587427273945,0.569,"untreated_24-0","kynurenate"
"leucine",2.65057374233044,0.000181,"untreated_24-0","leucine"
"leucylglycine",1.36744241075227,0.003,"untreated_24-0","leucylglycine"
"lysine",2.73879804016583,0.000642,"untreated_24-0","lysine"
"lysylleucine",2.23113941826182,0.028,"untreated_24-0","lysylleucine"
"malate",3.17403943567987,0.829,"untreated_24-0","malate"
"maleate",-5.83352238688733,0.004,"untreated_24-0","maleate"
"methionine",-0.155845424040583,0.015,"untreated_24-0","methionine"
"methylmalonate (MMA)",1.05474758254384,0.121,"untreated_24-0","methylmalonate (MMA)"
"methylsuccinate",-0.565487430634452,0.826,"untreated_24-0","methylsuccinate"
"mevalonate",-0.379977413187397,0.004,"untreated_24-0","mevalonate"
"N-acetyl-cadaverine",2.50251834309023,0.374,"untreated_24-0","N-acetyl-cadaverine"
"N-acetylalanine",0.109559860467465,0.000852,"untreated_24-0","N-acetylalanine"
"N-acetylarginine",1.60021381470602,0.089,"untreated_24-0","N-acetylarginine"
"N-acetylaspartate (NAA)",4.30568676378738,0.246,"untreated_24-0","N-acetylaspartate (NAA)"
"N-acetylcitrulline",1.46900784332198,0.177,"untreated_24-0","N-acetylcitrulline"
"N-acetylglutamine",0.0413588781083715,0.578,"untreated_24-0","N-acetylglutamine"
"N-acetylglycine",3.42255988415866,0.532,"untreated_24-0","N-acetylglycine"
"N-acetylhistidine",1.32192757464866,0.026,"untreated_24-0","N-acetylhistidine"
"N-acetylisoleucine",3.11437208267239,0.027,"untreated_24-0","N-acetylisoleucine"
"N-acetylleucine",3.61873855234688,0.331,"untreated_24-0","N-acetylleucine"
"N-acetylmethionine",2.41862051702383,0.017,"untreated_24-0","N-acetylmethionine"
"N-acetylmethionine sulfoxide",1.89967334635245,0.983,"untreated_24-0","N-acetylmethionine sulfoxide"
"N-acetylphenylalanine",3.36957477240736,0.116,"untreated_24-0","N-acetylphenylalanine"
"N-acetylputrescine",2.01738069826895,0.303,"untreated_24-0","N-acetylputrescine"
"N-acetylserine",2.70870524305202,0.198,"untreated_24-0","N-acetylserine"
"N-acetylthreonine",3.33047207037817,0.002,"untreated_24-0","N-acetylthreonine"
"N-acetyltryptophan",2.85477533244259,0.191,"untreated_24-0","N-acetyltryptophan"
"N-acetyltyrosine",4.09051234886013,0.997,"untreated_24-0","N-acetyltyrosine"
"N-acetylvaline",2.83897250604718,0.002,"untreated_24-0","N-acetylvaline"
"N-carbamoylaspartate",4.52956697181343,0.006,"untreated_24-0","N-carbamoylaspartate"
"N-carbamoylserine",4.53926727345252,0.006,"untreated_24-0","N-carbamoylserine"
"N-delta-acetylornithine",2.6561590388771,0.88,"untreated_24-0","N-delta-acetylornithine"
"N-formylphenylalanine",5.06451155838391,0.000245,"untreated_24-0","N-formylphenylalanine"
"N-monomethylarginine",1.46596388549545,0.279,"untreated_24-0","N-monomethylarginine"
"N,N,N-trimethyl-5-aminovalerate",3.29728883806744,0.252,"untreated_24-0","N,N,N-trimethyl-5-aminovalerate"
"N2-acetyllysine",2.0871120220173,0.037,"untreated_24-0","N2-acetyllysine"
"N6-acetyllysine",0.538685303675971,0.982,"untreated_24-0","N6-acetyllysine"
"N6-carboxymethyllysine",-2.80921206866965,0.018,"untreated_24-0","N6-carboxymethyllysine"
"N6,N6,N6-trimethyllysine",2.76740397102552,0.13,"untreated_24-0","N6,N6,N6-trimethyllysine"
"nicotinate ribonucleoside",4.71264846843457,0.034,"untreated_24-0","nicotinate ribonucleoside"
"O-acetylhomoserine",7.94142248171532,0.00036,"untreated_24-0","O-acetylhomoserine"
"o-Tyrosine",1.88067023945618,0.103,"untreated_24-0","o-Tyrosine"
"ophthalmate",4.80409770813149,0.002,"untreated_24-0","ophthalmate"
"ornithine",2.78364842232299,0.209,"untreated_24-0","ornithine"
"orotate",6.42083463024594,0.000873,"untreated_24-0","orotate"
"oxalate (ethanedioate)",0.738737730182457,0.08,"untreated_24-0","oxalate (ethanedioate)"
"pantothenate",1.03881592466537,0.38,"untreated_24-0","pantothenate"
"phenylacetate",2.9834605901233,0.006,"untreated_24-0","phenylacetate"
"phenylalanylglycine",4.94764764611133,1.48e-05,"untreated_24-0","phenylalanylglycine"
"phenyllactate (PLA)",3.52686610828216,0.008,"untreated_24-0","phenyllactate (PLA)"
"phenylpyruvate",1.96737482600538,0.737,"untreated_24-0","phenylpyruvate"
"phosphate",0.902789067535158,0.000529,"untreated_24-0","phosphate"
"phosphoenolpyruvate (PEP)",2.4604696191294,0.282,"untreated_24-0","phosphoenolpyruvate (PEP)"
"pimelate (C7-DC)",1.87891801484662,0.065,"untreated_24-0","pimelate (C7-DC)"
"pipecolate",2.32064338754983,0.271,"untreated_24-0","pipecolate"
"proline",0.598624676654053,0.000218,"untreated_24-0","proline"
"pyridoxamine",-0.106484561854273,0.002,"untreated_24-0","pyridoxamine"
"pyridoxate",2.28897110243424,0.089,"untreated_24-0","pyridoxate"
"pyridoxine (Vitamin B6)",0.962237836338311,0.024,"untreated_24-0","pyridoxine (Vitamin B6)"
"pyrraline",0.72222173292325,0.63,"untreated_24-0","pyrraline"
"quinolinate",4.71844271618238,0.972,"untreated_24-0","quinolinate"
"ribonate",4.29917957795337,0.449,"untreated_24-0","ribonate"
"ribose",2.51599216176484,1.25e-06,"untreated_24-0","ribose"
"S-adenosylhomocysteine (SAH)",1.56073409919273,0.000378,"untreated_24-0","S-adenosylhomocysteine (SAH)"
"S-methylcysteine",3.04517458767537,9.32e-07,"untreated_24-0","S-methylcysteine"
"saccharopine",-0.793742242539793,0.147,"untreated_24-0","saccharopine"
"salicylate",2.05182579943755,0.000149,"untreated_24-0","salicylate"
"sedoheptulose-7-phosphate",0.583434458106617,0.914,"untreated_24-0","sedoheptulose-7-phosphate"
"serine",2.73193961835645,0.003,"untreated_24-0","serine"
"sulfate*",1.82901627909162,5.08e-05,"untreated_24-0","sulfate*"
"thioproline",-0.836010694205661,0.7,"untreated_24-0","thioproline"
"threonine",2.91071899204674,0.005,"untreated_24-0","threonine"
"threonylphenylalanine",3.82759709550605,0.00061,"untreated_24-0","threonylphenylalanine"
"thymidine",7.78954791393362,0.835,"untreated_24-0","thymidine"
"thymidine 5'-monophosphate",-4.23605295433582,0.302,"untreated_24-0","thymidine 5'-monophosphate"
"thymine",2.58059473362415,0.917,"untreated_24-0","thymine"
"trans-nonadecenoate (tr 19:1)*",-1.66452657098841,0.102,"untreated_24-0","trans-nonadecenoate (tr 19:1)*"
"trans-urocanate",3.04227055414892,0.753,"untreated_24-0","trans-urocanate"
"trehalose",-0.896094112716445,1.9e-05,"untreated_24-0","trehalose"
"trehalose 6-phosphate",-0.012093301431005,0.001,"untreated_24-0","trehalose 6-phosphate"
"tryptophylglycine",3.18948855176461,0.085,"untreated_24-0","tryptophylglycine"
"tyramine",1.53834001131908,0.009,"untreated_24-0","tyramine"
"tyrosylglycine",2.2891713262261,2.48e-05,"untreated_24-0","tyrosylglycine"
"urea",2.66255606930432,0.277,"untreated_24-0","urea"
"uridine-2',3'-cyclic monophosphate",0.442598381362828,0.013,"untreated_24-0","uridine-2',3'-cyclic monophosphate"
"uridine 3'-monophosphate (3'-UMP)",1.85249022661036,0.541,"untreated_24-0","uridine 3'-monophosphate (3'-UMP)"
"valylglutamine",1.30206888623016,9.87e-05,"untreated_24-0","valylglutamine"
"xanthine",2.17841951562657,0.612,"untreated_24-0","xanthine"
"(3'-5')-adenylyladenosine*1",1.77693798440795,0.917,"untreated_5-0","(3'-5')-adenylyladenosine*"
"1-carboxyethylisoleucine1",2.28726057695182,4.03e-06,"untreated_5-0","1-carboxyethylisoleucine"
"1-carboxyethylleucine1",1.14870953797644,1.24e-05,"untreated_5-0","1-carboxyethylleucine"
"1-carboxyethylphenylalanine1",1.05256410006669,1.68e-05,"untreated_5-0","1-carboxyethylphenylalanine"
"1-carboxyethyltyrosine1",0.047960208847054,0.993,"untreated_5-0","1-carboxyethyltyrosine"
"1-carboxyethylvaline1",0.961487095416731,0.000612,"untreated_5-0","1-carboxyethylvaline"
"1-palmitoyl-2-oleoyl-GPE (16:0/18:1)1",-0.191308118358654,0.000767,"untreated_5-0","1-palmitoyl-2-oleoyl-GPE (16:0/18:1)"
"1,5-anhydroglucitol (1,5-AG)1",1.26501604073185,1.95e-05,"untreated_5-0","1,5-anhydroglucitol (1,5-AG)"
"10-undecenoate (11:1n1)1",3.14413771154955,0.021,"untreated_5-0","10-undecenoate (11:1n1)"
"2'-deoxyadenosine 5'-monophosphate1",-0.219065684078795,0.035,"untreated_5-0","2'-deoxyadenosine 5'-monophosphate"
"2'-deoxyuridine1",1.34570629470429,0.000236,"untreated_5-0","2'-deoxyuridine"
"2'-O-methyluridine1",-0.0460179448685977,0.000481,"untreated_5-0","2'-O-methyluridine"
"2-aminoadipate1",2.28529459551889,0.037,"untreated_5-0","2-aminoadipate"
"2-heptyl-1H-quinolin-4-one (HHQ)1",3.63832725040001,0.022,"untreated_5-0","2-heptyl-1H-quinolin-4-one (HHQ)"
"2-hydroxyphenylacetate1",-1.47425599372982,0.003,"untreated_5-0","2-hydroxyphenylacetate"
"2-keto-3-deoxy-gluconate1",-0.98195444012325,0.004,"untreated_5-0","2-keto-3-deoxy-gluconate"
"2-methylcitrate/homocitrate1",0.246609204807214,0.006,"untreated_5-0","2-methylcitrate/homocitrate"
"2-methylserine1",0.0839361026644556,1.22e-05,"untreated_5-0","2-methylserine"
"2,4-diaminobutyrate1",1.95711158689873,0.00011,"untreated_5-0","2,4-diaminobutyrate"
"3-(4-hydroxyphenyl)lactate1",3.44177449462783,9.96e-09,"untreated_5-0","3-(4-hydroxyphenyl)lactate"
"3-hydroxy-2-ethylpropionate1",4.30478507694962,6.71e-05,"untreated_5-0","3-hydroxy-2-ethylpropionate"
"3-hydroxyhexanoate1",-1.88591946888766,0.678,"untreated_5-0","3-hydroxyhexanoate"
"3-hydroxyisobutyrate1",-1.6207418280587,2.33e-05,"untreated_5-0","3-hydroxyisobutyrate"
"3-methyl-2-oxovalerate1",0.314992917678035,3.44e-05,"untreated_5-0","3-methyl-2-oxovalerate"
"3-methylglutaconate1",2.08364020453975,2.84e-09,"untreated_5-0","3-methylglutaconate"
"3-phosphoglycerate1",-1.90939979547898,1.94e-06,"untreated_5-0","3-phosphoglycerate"
"3-phosphoserine1",1.27972705400844,0.032,"untreated_5-0","3-phosphoserine"
"3-ureidopropionate1",2.43190948196325,0.000374,"untreated_5-0","3-ureidopropionate"
"3,4-dihydroxy-1,5-cyclohexadiene-1-carboxylic acid1",-0.735565820987535,0.003,"untreated_5-0","3,4-dihydroxy-1,5-cyclohexadiene-1-carboxylic acid"
"4-acetamidobutanoate1",0.323860294102309,0.000179,"untreated_5-0","4-acetamidobutanoate"
"4-hydroxybenzoate1",-1.84380721490494,8.63e-05,"untreated_5-0","4-hydroxybenzoate"
"4-hydroxyphenylacetate1",0.598688780292063,0.000254,"untreated_5-0","4-hydroxyphenylacetate"
"4-hydroxyphenylpyruvate1",-2.69689855464629,0.006,"untreated_5-0","4-hydroxyphenylpyruvate"
"4-imidazoleacetate1",0.669851370867766,0.000962,"untreated_5-0","4-imidazoleacetate"
"4-methyl-2-oxopentanoate1",3.65540101296398,1.03e-06,"untreated_5-0","4-methyl-2-oxopentanoate"
"5-(2-Hydroxyethyl)-4-methylthiazole1",-1.37106189861592,0.034,"untreated_5-0","5-(2-Hydroxyethyl)-4-methylthiazole"
"5-oxoproline1",-6.63310883113351,0.008,"untreated_5-0","5-oxoproline"
"5,6-dihydrouridine1",0.837598405808363,4.78e-07,"untreated_5-0","5,6-dihydrouridine"
"8-hydroxyguanine1",-0.841221154175029,6.96e-05,"untreated_5-0","8-hydroxyguanine"
"adenosine-2',3'-cyclic monophosphate1",-0.359762571054935,0.032,"untreated_5-0","adenosine-2',3'-cyclic monophosphate"
"adenosine 2'-monophosphate (2'-AMP)1",-0.290547864090449,0.007,"untreated_5-0","adenosine 2'-monophosphate (2'-AMP)"
"adenosine 5'-monophosphate (AMP)1",-0.199439090398162,0.041,"untreated_5-0","adenosine 5'-monophosphate (AMP)"
"alanine1",4.43323047782618,0.000963,"untreated_5-0","alanine"
"alanylleucine1",1.2715781529133,0.021,"untreated_5-0","alanylleucine"
"allo-threonine1",1.52686107970307,0.53,"untreated_5-0","allo-threonine"
"alpha-ketoglutarate1",1.84322125367454,0.000573,"untreated_5-0","alpha-ketoglutarate"
"anthranilate1",-3.59474153875477,0.047,"untreated_5-0","anthranilate"
"arabonate/xylonate1",-1.51112871651999,0.000411,"untreated_5-0","arabonate/xylonate"
"arginine1",0.25486373764114,0.000769,"untreated_5-0","arginine"
"asparagine1",3.17744918361342,6.77e-06,"untreated_5-0","asparagine"
"aspartate1",5.57217140794618,0.01,"untreated_5-0","aspartate"
"butyrylglutamine/isobutyrylglutamine1",-1.88089783100959,4.49e-06,"untreated_5-0","butyrylglutamine/isobutyrylglutamine"
"cadaverine1",1.15585291277409,0.017,"untreated_5-0","cadaverine"
"carnitine1",-0.813976919039001,0.000612,"untreated_5-0","carnitine"
"catechol sulfate1",-0.806543698716258,0.07,"untreated_5-0","catechol sulfate"
"choline1",2.82571123129025,0.002,"untreated_5-0","choline"
"cis-urocanate1",0.893476795870863,0.009,"untreated_5-0","cis-urocanate"
"citrate1",1.46235869577959,0.011,"untreated_5-0","citrate"
"cyano-alanine1",1.11409354892003,3.65e-06,"untreated_5-0","cyano-alanine"
"cysteine-glutathione disulfide1",-1.85725648789132,1.22e-05,"untreated_5-0","cysteine-glutathione disulfide"
"cysteine s-sulfate1",0.876408341391568,0.007,"untreated_5-0","cysteine s-sulfate"
"cysteinylglycine disulfide*1",1.33201927594134,1.86e-09,"untreated_5-0","cysteinylglycine disulfide*"
"dimethylarginine (SDMA + ADMA)1",-0.808685846295954,0.031,"untreated_5-0","dimethylarginine (SDMA + ADMA)"
"dimethylglycine1",-0.867698845061012,0.019,"untreated_5-0","dimethylglycine"
"erythritol1",0.596786818667236,3.85e-05,"untreated_5-0","erythritol"
"flavin adenine dinucleotide (FAD)1",-1.73872331643611,6.95e-08,"untreated_5-0","flavin adenine dinucleotide (FAD)"
"fumarate1",-5.62434325221283,0.036,"untreated_5-0","fumarate"
"gamma-glutamylglutamate1",-0.231618940399125,0.000178,"untreated_5-0","gamma-glutamylglutamate"
"gamma-glutamylglutamine1",0.463991487477809,2.72e-10,"untreated_5-0","gamma-glutamylglutamine"
"gamma-glutamylglycine1",-0.284586292377147,2.42e-10,"untreated_5-0","gamma-glutamylglycine"
"gamma-glutamylisoleucine*1",-1.06756893677364,1.63e-05,"untreated_5-0","gamma-glutamylisoleucine*"
"gamma-glutamylleucine1",1.52529686372582,3.17e-06,"untreated_5-0","gamma-glutamylleucine"
"gamma-glutamylmethionine1",-4.30940744340716,0.013,"untreated_5-0","gamma-glutamylmethionine"
"gamma-glutamylphenylalanine1",3.17258534968406,0.000976,"untreated_5-0","gamma-glutamylphenylalanine"
"gamma-glutamyltryptophan1",1.76289763703423,0.031,"untreated_5-0","gamma-glutamyltryptophan"
"gamma-glutamyltyrosine1",1.93847884812952,0.000133,"untreated_5-0","gamma-glutamyltyrosine"
"glucose1",-0.266565992452274,0.003,"untreated_5-0","glucose"
"glutamate1",5.43334082581956,0.024,"untreated_5-0","glutamate"
"glutamine1",3.62721455401073,0.00016,"untreated_5-0","glutamine"
"glutaminylleucine1",4.15364182480726,0.000572,"untreated_5-0","glutaminylleucine"
"glycerophosphoethanolamine1",1.33688135659767,0.461,"untreated_5-0","glycerophosphoethanolamine"
"glycine1",-2.09779648287187,1.53e-06,"untreated_5-0","glycine"
"glycylisoleucine1",3.9312773002364,3.12e-05,"untreated_5-0","glycylisoleucine"
"glycylleucine1",2.74673681701703,0.000127,"untreated_5-0","glycylleucine"
"glycylvaline1",1.34587432212321,0.000132,"untreated_5-0","glycylvaline"
"guanosine-2',3'-cyclic monophosphate1",-0.0937570181077595,0.002,"untreated_5-0","guanosine-2',3'-cyclic monophosphate"
"guanosine 2'-monophosphate (2'-GMP)*1",-0.82648347048036,0.004,"untreated_5-0","guanosine 2'-monophosphate (2'-GMP)*"
"guanosine 3'-monophosphate (3'-GMP)1",-2.81427900232082,0.07,"untreated_5-0","guanosine 3'-monophosphate (3'-GMP)"
"gulonate*1",0.791595692305813,2.22e-07,"untreated_5-0","gulonate*"
"hippurate1",0.0791094679446328,1.75e-05,"untreated_5-0","hippurate"
"histamine1",-0.498755810672649,0.023,"untreated_5-0","histamine"
"histidine1",-0.0936854888360641,0.035,"untreated_5-0","histidine"
"histidinol1",-1.96829000422782,0.043,"untreated_5-0","histidinol"
"histidylalanine1",4.71361613090442,9.86e-05,"untreated_5-0","histidylalanine"
"homoserine1",0.616557907143631,1.44e-05,"untreated_5-0","homoserine"
"indoleacetate1",-2.4722941545013,0.007,"untreated_5-0","indoleacetate"
"isoleucine1",-2.95102118985133,5.75e-05,"untreated_5-0","isoleucine"
"isoleucylglycine1",2.20472812268944,0.000273,"untreated_5-0","isoleucylglycine"
"isovalerate (i5:0)1",-3.85982929900591,1.48e-05,"untreated_5-0","isovalerate (i5:0)"
"kynurenate1",-0.394689100324231,0.012,"untreated_5-0","kynurenate"
"leucine1",-3.19951739726167,6.47e-06,"untreated_5-0","leucine"
"leucylglycine1",1.15349286954123,0.031,"untreated_5-0","leucylglycine"
"lysine1",-0.84840108229491,0.001,"untreated_5-0","lysine"
"lysylleucine1",2.67921894138689,0.082,"untreated_5-0","lysylleucine"
"malate1",-1.71127898526021,0.041,"untreated_5-0","malate"
"maleate1",-2.19841132863096,0.098,"untreated_5-0","maleate"
"methionine1",-0.314799281632221,0.006,"untreated_5-0","methionine"
"methylmalonate (MMA)1",-2.70085190457823,0.000982,"untreated_5-0","methylmalonate (MMA)"
"methylsuccinate1",-0.341809050892712,0.029,"untreated_5-0","methylsuccinate"
"mevalonate1",-2.64737873292391,0.006,"untreated_5-0","mevalonate"
"N-acetyl-cadaverine1",1.31860606440235,0.008,"untreated_5-0","N-acetyl-cadaverine"
"N-acetylalanine1",0.458415904863876,0.008,"untreated_5-0","N-acetylalanine"
"N-acetylarginine1",-0.659647731778171,0.029,"untreated_5-0","N-acetylarginine"
"N-acetylaspartate (NAA)1",2.45617176278577,0.003,"untreated_5-0","N-acetylaspartate (NAA)"
"N-acetylcitrulline1",-0.661422709934226,1.32e-08,"untreated_5-0","N-acetylcitrulline"
"N-acetylglutamine1",-0.307043005653564,3.26e-07,"untreated_5-0","N-acetylglutamine"
"N-acetylglycine1",2.29333856958824,0.105,"untreated_5-0","N-acetylglycine"
"N-acetylhistidine1",0.659718431095288,4.62e-06,"untreated_5-0","N-acetylhistidine"
"N-acetylisoleucine1",0.76954058686344,2.8e-07,"untreated_5-0","N-acetylisoleucine"
"N-acetylleucine1",-0.73566419997107,3.37e-08,"untreated_5-0","N-acetylleucine"
"N-acetylmethionine1",-1.78830085186272,6.84e-10,"untreated_5-0","N-acetylmethionine"
"N-acetylmethionine sulfoxide1",-0.10885758870172,0.000243,"untreated_5-0","N-acetylmethionine sulfoxide"
"N-acetylphenylalanine1",-1.6611555869267,1.14e-08,"untreated_5-0","N-acetylphenylalanine"
"N-acetylputrescine1",-3.35687290799533,0.011,"untreated_5-0","N-acetylputrescine"
"N-acetylserine1",0.857820604615313,0.000546,"untreated_5-0","N-acetylserine"
"N-acetylthreonine1",0.540271566287635,8.17e-10,"untreated_5-0","N-acetylthreonine"
"N-acetyltryptophan1",-3.13677481440653,1e-07,"untreated_5-0","N-acetyltryptophan"
"N-acetyltyrosine1",-0.201081932237477,7.97e-05,"untreated_5-0","N-acetyltyrosine"
"N-acetylvaline1",-0.0155966100109144,3.41e-10,"untreated_5-0","N-acetylvaline"
"N-carbamoylaspartate1",3.00919865022163,0.000547,"untreated_5-0","N-carbamoylaspartate"
"N-carbamoylserine1",3.48382166544891,3.02e-05,"untreated_5-0","N-carbamoylserine"
"N-delta-acetylornithine1",-3.30217746568512,0.015,"untreated_5-0","N-delta-acetylornithine"
"N-formylphenylalanine1",5.03152109355553,0.006,"untreated_5-0","N-formylphenylalanine"
"N-monomethylarginine1",-1.15050845315204,2.79e-05,"untreated_5-0","N-monomethylarginine"
"N,N,N-trimethyl-5-aminovalerate1",-1.27017794620761,0.00056,"untreated_5-0","N,N,N-trimethyl-5-aminovalerate"
"N2-acetyllysine1",-0.41023637355141,1.27e-05,"untreated_5-0","N2-acetyllysine"
"N6-acetyllysine1",-0.120507631364807,0.002,"untreated_5-0","N6-acetyllysine"
"N6-carboxymethyllysine1",-2.35344936452606,0.01,"untreated_5-0","N6-carboxymethyllysine"
"N6,N6,N6-trimethyllysine1",-0.525444348777514,0.03,"untreated_5-0","N6,N6,N6-trimethyllysine"
"nicotinate ribonucleoside1",3.32807039539795,0.000125,"untreated_5-0","nicotinate ribonucleoside"
"O-acetylhomoserine1",6.10947099290381,0.002,"untreated_5-0","O-acetylhomoserine"
"o-Tyrosine1",-1.16312105955105,0.003,"untreated_5-0","o-Tyrosine"
"ophthalmate1",3.1894649303236,0.000193,"untreated_5-0","ophthalmate"
"ornithine1",-0.179753608630837,0.002,"untreated_5-0","ornithine"
"orotate1",5.20582463870085,0.000408,"untreated_5-0","orotate"
"oxalate (ethanedioate)1",1.31825760039368,0.083,"untreated_5-0","oxalate (ethanedioate)"
"pantothenate1",-4.21054834178857,0.002,"untreated_5-0","pantothenate"
"phenylacetate1",0.258242550905642,2.81e-07,"untreated_5-0","phenylacetate"
"phenylalanylglycine1",5.16471479744166,0.005,"untreated_5-0","phenylalanylglycine"
"phenyllactate (PLA)1",0.671685280971906,2.56e-05,"untreated_5-0","phenyllactate (PLA)"
"phenylpyruvate1",-2.8615249830878,0.006,"untreated_5-0","phenylpyruvate"
"phosphate1",0.788774444504355,9.35e-05,"untreated_5-0","phosphate"
"phosphoenolpyruvate (PEP)1",0.883021122621763,6.58e-05,"untreated_5-0","phosphoenolpyruvate (PEP)"
"pimelate (C7-DC)1",1.88737118895434,0.124,"untreated_5-0","pimelate (C7-DC)"
"pipecolate1",-2.76689447596027,0.002,"untreated_5-0","pipecolate"
"proline1",0.620073226289158,0.000469,"untreated_5-0","proline"
"pyridoxamine1",-0.529669194306178,0.019,"untreated_5-0","pyridoxamine"
"pyridoxate1",-1.85200605100499,0.002,"untreated_5-0","pyridoxate"
"pyridoxine (Vitamin B6)1",1.26907827327063,0.074,"untreated_5-0","pyridoxine (Vitamin B6)"
"pyrraline1",-0.25645247260051,0.037,"untreated_5-0","pyrraline"
"quinolinate1",-3.3697224736291,3.04e-05,"untreated_5-0","quinolinate"
"ribonate1",2.30239768876194,3.77e-05,"untreated_5-0","ribonate"
"ribose1",-1.81584773440758,6.93e-05,"untreated_5-0","ribose"
"S-adenosylhomocysteine (SAH)1",-2.03249820485986,0.041,"untreated_5-0","S-adenosylhomocysteine (SAH)"
"S-methylcysteine1",1.62873266511715,2.52e-09,"untreated_5-0","S-methylcysteine"
"saccharopine1",-1.55099904476724,0.204,"untreated_5-0","saccharopine"
"salicylate1",2.59469709694161,0.023,"untreated_5-0","salicylate"
"sedoheptulose-7-phosphate1",-0.489371936685336,0.066,"untreated_5-0","sedoheptulose-7-phosphate"
"serine1",-0.382125615363589,1.85e-12,"untreated_5-0","serine"
"sulfate*1",-1.09890510762002,2.06e-05,"untreated_5-0","sulfate*"
"thioproline1",0.0781062776613801,0.00017,"untreated_5-0","thioproline"
"threonine1",-1.03519736205788,3.08e-07,"untreated_5-0","threonine"
"threonylphenylalanine1",3.87728265363978,0.000737,"untreated_5-0","threonylphenylalanine"
"thymidine1",4.97842265341679,0.006,"untreated_5-0","thymidine"
"thymidine 5'-monophosphate1",-0.976157059141002,0.066,"untreated_5-0","thymidine 5'-monophosphate"
"thymine1",-1.34997382756727,0.003,"untreated_5-0","thymine"
"trans-nonadecenoate (tr 19:1)*1",-0.543818476276355,7.51e-05,"untreated_5-0","trans-nonadecenoate (tr 19:1)*"
"trans-urocanate1",1.00829702124764,0.003,"untreated_5-0","trans-urocanate"
"trehalose1",-0.728506012430309,1.87e-05,"untreated_5-0","trehalose"
"trehalose 6-phosphate1",1.38963040290457,1,"untreated_5-0","trehalose 6-phosphate"
"tryptophylglycine1",-1.63189556825986,6.58e-07,"untreated_5-0","tryptophylglycine"
"tyramine1",-5.33950113096217,0.005,"untreated_5-0","tyramine"
"tyrosylglycine1",2.02148439553299,0.000145,"untreated_5-0","tyrosylglycine"
"urea1",-2.2653032429089,4.5e-06,"untreated_5-0","urea"
"uridine-2',3'-cyclic monophosphate1",-0.291891328650212,0.021,"untreated_5-0","uridine-2',3'-cyclic monophosphate"
"uridine 3'-monophosphate (3'-UMP)1",-3.16361432426671,0.02,"untreated_5-0","uridine 3'-monophosphate (3'-UMP)"
"valylglutamine1",1.89795717296503,0.005,"untreated_5-0","valylglutamine"
"xanthine1",1.30595570145022,0.114,"untreated_5-0","xanthine"
"(3'-5')-adenylyladenosine*2",2.69022962994493,0.008,"untreated_5-24","(3'-5')-adenylyladenosine*"
"1-carboxyethylisoleucine2",-1.86906344063075,0.000149,"untreated_5-24","1-carboxyethylisoleucine"
"1-carboxyethylleucine2",-2.17014947967642,0.000154,"untreated_5-24","1-carboxyethylleucine"
"1-carboxyethylphenylalanine2",-1.54539844475104,9.11e-05,"untreated_5-24","1-carboxyethylphenylalanine"
"1-carboxyethyltyrosine2",0.142549066926381,0.026,"untreated_5-24","1-carboxyethyltyrosine"
"1-carboxyethylvaline2",-2.17703045907768,0.005,"untreated_5-24","1-carboxyethylvaline"
"1-palmitoyl-2-oleoyl-GPE (16:0/18:1)2",3.58624879929967,0.007,"untreated_5-24","1-palmitoyl-2-oleoyl-GPE (16:0/18:1)"
"1,5-anhydroglucitol (1,5-AG)2",-1.87174415065199,0.000166,"untreated_5-24","1,5-anhydroglucitol (1,5-AG)"
"10-undecenoate (11:1n1)2",-3.2844488420581,0.022,"untreated_5-24","10-undecenoate (11:1n1)"
"2'-deoxyadenosine 5'-monophosphate2",2.30794186445455,0.058,"untreated_5-24","2'-deoxyadenosine 5'-monophosphate"
"2'-deoxyuridine2",-1.29022376840451,0.048,"untreated_5-24","2'-deoxyuridine"
"2'-O-methyluridine2",-2.02617126463932,0.007,"untreated_5-24","2'-O-methyluridine"
"2-aminoadipate2",-1.22122493556137,0.03,"untreated_5-24","2-aminoadipate"
"2-heptyl-1H-quinolin-4-one (HHQ)2",0.209646862193987,0.822,"untreated_5-24","2-heptyl-1H-quinolin-4-one (HHQ)"
"2-hydroxyphenylacetate2",-2.12671676412867,0.168,"untreated_5-24","2-hydroxyphenylacetate"
"2-keto-3-deoxy-gluconate2",-3.99311310659285,0.011,"untreated_5-24","2-keto-3-deoxy-gluconate"
"2-methylcitrate/homocitrate2",-1.83960252417621,0.136,"untreated_5-24","2-methylcitrate/homocitrate"
"2-methylserine2",-1.95599619951224,9.14e-06,"untreated_5-24","2-methylserine"
"2,4-diaminobutyrate2",-0.971525463494125,0.019,"untreated_5-24","2,4-diaminobutyrate"
"3-(4-hydroxyphenyl)lactate2",-2.34770998178094,8.48e-08,"untreated_5-24","3-(4-hydroxyphenyl)lactate"
"3-hydroxy-2-ethylpropionate2",-1.63107188779793,0.005,"untreated_5-24","3-hydroxy-2-ethylpropionate"
"3-hydroxyhexanoate2",-2.65233682407546,0.101,"untreated_5-24","3-hydroxyhexanoate"
"3-hydroxyisobutyrate2",-2.9293181974103,4.59e-06,"untreated_5-24","3-hydroxyisobutyrate"
"3-methyl-2-oxovalerate2",-2.82029685588344,0.000486,"untreated_5-24","3-methyl-2-oxovalerate"
"3-methylglutaconate2",-1.90784250776914,1.94e-06,"untreated_5-24","3-methylglutaconate"
"3-phosphoglycerate2",-3.23199292271435,1.2e-05,"untreated_5-24","3-phosphoglycerate"
"3-phosphoserine2",-2.01190723782948,0.005,"untreated_5-24","3-phosphoserine"
"3-ureidopropionate2",-2.75633123464376,0.004,"untreated_5-24","3-ureidopropionate"
"3,4-dihydroxy-1,5-cyclohexadiene-1-carboxylic acid2",-2.085636641158,0.035,"untreated_5-24","3,4-dihydroxy-1,5-cyclohexadiene-1-carboxylic acid"
"4-acetamidobutanoate2",-4.52880628949162,0.000112,"untreated_5-24","4-acetamidobutanoate"
"4-hydroxybenzoate2",-3.39707633115516,0.002,"untreated_5-24","4-hydroxybenzoate"
"4-hydroxyphenylacetate2",-3.19932897681736,0.001,"untreated_5-24","4-hydroxyphenylacetate"
"4-hydroxyphenylpyruvate2",-3.12445893678284,0.05,"untreated_5-24","4-hydroxyphenylpyruvate"
"4-imidazoleacetate2",-1.12950905859729,0.002,"untreated_5-24","4-imidazoleacetate"
"4-methyl-2-oxopentanoate2",-2.25475839622566,2.2e-05,"untreated_5-24","4-methyl-2-oxopentanoate"
"5-(2-Hydroxyethyl)-4-methylthiazole2",7.15532510841117,0.59,"untreated_5-24","5-(2-Hydroxyethyl)-4-methylthiazole"
"5-oxoproline2",-8.37197369752038,0.029,"untreated_5-24","5-oxoproline"
"5,6-dihydrouridine2",-2.28564196079581,6.79e-07,"untreated_5-24","5,6-dihydrouridine"
"8-hydroxyguanine2",-3.27051776994759,0.000101,"untreated_5-24","8-hydroxyguanine"
"adenosine-2',3'-cyclic monophosphate2",-0.806965256863105,0.735,"untreated_5-24","adenosine-2',3'-cyclic monophosphate"
"adenosine 2'-monophosphate (2'-AMP)2",-0.0481220884692381,0.999,"untreated_5-24","adenosine 2'-monophosphate (2'-AMP)"
"adenosine 5'-monophosphate (AMP)2",3.87046408062789,0.072,"untreated_5-24","adenosine 5'-monophosphate (AMP)"
"alanine2",-0.365876325860044,0.15,"untreated_5-24","alanine"
"alanylleucine2",0.088855471914867,0.833,"untreated_5-24","alanylleucine"
"allo-threonine2",-0.237346283726998,0.000449,"untreated_5-24","allo-threonine"
"alpha-ketoglutarate2",-0.263925826168639,0.136,"untreated_5-24","alpha-ketoglutarate"
"anthranilate2",-5.5353300981475,0.104,"untreated_5-24","anthranilate"
"arabonate/xylonate2",-3.42966665284038,0.004,"untreated_5-24","arabonate/xylonate"
"arginine2",-0.719552468387937,0.007,"untreated_5-24","arginine"
"asparagine2",-0.439289154387318,0.107,"untreated_5-24","asparagine"
"aspartate2",-0.131385225326413,0.148,"untreated_5-24","aspartate"
"butyrylglutamine/isobutyrylglutamine2",-1.94874471948008,0.024,"untreated_5-24","butyrylglutamine/isobutyrylglutamine"
"cadaverine2",-1.64875666556668,0.045,"untreated_5-24","cadaverine"
"carnitine2",0.676806830719043,0.229,"untreated_5-24","carnitine"
"catechol sulfate2",0.580127002512529,0.934,"untreated_5-24","catechol sulfate"
"choline2",0.0992716773469627,0.959,"untreated_5-24","choline"
"cis-urocanate2",-1.44736098623299,0.012,"untreated_5-24","cis-urocanate"
"citrate2",-0.0814537571468392,0.989,"untreated_5-24","citrate"
"cyano-alanine2",-0.943149600654146,0.000324,"untreated_5-24","cyano-alanine"
"cysteine-glutathione disulfide2",-3.76604874209076,3.27e-05,"untreated_5-24","cysteine-glutathione disulfide"
"cysteine s-sulfate2",0.199610962439531,0.932,"untreated_5-24","cysteine s-sulfate"
"cysteinylglycine disulfide*2",-2.27236400809107,0.000105,"untreated_5-24","cysteinylglycine disulfide*"
"dimethylarginine (SDMA + ADMA)2",-3.5246615981638,0.039,"untreated_5-24","dimethylarginine (SDMA + ADMA)"
"dimethylglycine2",-2.91603664308821,0.093,"untreated_5-24","dimethylglycine"
"erythritol2",-4.01846408475337,7.25e-07,"untreated_5-24","erythritol"
"flavin adenine dinucleotide (FAD)2",-2.87697270160739,0.000159,"untreated_5-24","flavin adenine dinucleotide (FAD)"
"fumarate2",-5.74179592568343,0.21,"untreated_5-24","fumarate"
"gamma-glutamylglutamate2",0.520029609126112,0.000482,"untreated_5-24","gamma-glutamylglutamate"
"gamma-glutamylglutamine2",-1.29103340531193,0.011,"untreated_5-24","gamma-glutamylglutamine"
"gamma-glutamylglycine2",-3.42524548364735,4.08e-10,"untreated_5-24","gamma-glutamylglycine"
"gamma-glutamylisoleucine*2",-3.851154694502,2.1e-05,"untreated_5-24","gamma-glutamylisoleucine*"
"gamma-glutamylleucine2",-2.49673217206906,1.78e-05,"untreated_5-24","gamma-glutamylleucine"
"gamma-glutamylmethionine2",-4.56633444444016,0.188,"untreated_5-24","gamma-glutamylmethionine"
"gamma-glutamylphenylalanine2",-1.45257205877541,0.01,"untreated_5-24","gamma-glutamylphenylalanine"
"gamma-glutamyltryptophan2",-1.25097610792106,0.167,"untreated_5-24","gamma-glutamyltryptophan"
"gamma-glutamyltyrosine2",-1.17957361147179,0.002,"untreated_5-24","gamma-glutamyltyrosine"
"glucose2",-2.48258133028866,0.003,"untreated_5-24","glucose"
"glutamate2",-0.600563904802137,0.232,"untreated_5-24","glutamate"
"glutamine2",-0.741325885206756,0.038,"untreated_5-24","glutamine"
"glutaminylleucine2",-0.0173748997840426,0.998,"untreated_5-24","glutaminylleucine"
"glycerophosphoethanolamine2",0.0470095022582812,0.997,"untreated_5-24","glycerophosphoethanolamine"
"glycine2",-4.80490544120283,5.03e-06,"untreated_5-24","glycine"
"glycylisoleucine2",-0.264570195729557,0.542,"untreated_5-24","glycylisoleucine"
"glycylleucine2",-0.159495783380224,0.854,"untreated_5-24","glycylleucine"
"glycylvaline2",-0.163617922290438,0.645,"untreated_5-24","glycylvaline"
"guanosine-2',3'-cyclic monophosphate2",-0.565321864881965,0.687,"untreated_5-24","guanosine-2',3'-cyclic monophosphate"
"guanosine 2'-monophosphate (2'-GMP)*2",-4.4674613574698,0.003,"untreated_5-24","guanosine 2'-monophosphate (2'-GMP)*"
"guanosine 3'-monophosphate (3'-GMP)2",-4.15058808244725,0.003,"untreated_5-24","guanosine 3'-monophosphate (3'-GMP)"
"gulonate*2",-1.3991465303771,0.000173,"untreated_5-24","gulonate*"
"hippurate2",-1.24524672401445,0.021,"untreated_5-24","hippurate"
"histamine2",-0.0553523349364582,0.054,"untreated_5-24","histamine"
"histidine2",-3.09269630722922,0.036,"untreated_5-24","histidine"
"histidinol2",-3.37505836531532,0.101,"untreated_5-24","histidinol"
"histidylalanine2",-0.488861654592025,0.113,"untreated_5-24","histidylalanine"
"homoserine2",-1.36506754192088,2.15e-05,"untreated_5-24","homoserine"
"indoleacetate2",-5.44221033773279,0.026,"untreated_5-24","indoleacetate"
"isoleucine2",-5.34728425479616,0.000242,"untreated_5-24","isoleucine"
"isoleucylglycine2",-0.12865427963348,0.832,"untreated_5-24","isoleucylglycine"
"isovalerate (i5:0)2",-7.72251707558505,6e-05,"untreated_5-24","isovalerate (i5:0)"
"kynurenate2",-3.71056337306368,0.014,"untreated_5-24","kynurenate"
"leucine2",-5.8500911395921,1.41e-05,"untreated_5-24","leucine"
"leucylglycine2",-0.213949541211041,0.789,"untreated_5-24","leucylglycine"
"lysine2",-3.58719912246074,0.002,"untreated_5-24","lysine"
"lysylleucine2",0.448079523125072,0.038,"untreated_5-24","lysylleucine"
"malate2",-4.88531842094008,0.053,"untreated_5-24","malate"
"maleate2",3.63511105825638,0.906,"untreated_5-24","maleate"
"methionine2",-0.158953857591638,0.988,"untreated_5-24","methionine"
"methylmalonate (MMA)2",-3.75559948712207,2.58e-08,"untreated_5-24","methylmalonate (MMA)"
"methylsuccinate2",0.22367837974174,0.047,"untreated_5-24","methylsuccinate"
"mevalonate2",-2.26740131973651,0.394,"untreated_5-24","mevalonate"
"N-acetyl-cadaverine2",-1.18391227868789,0.002,"untreated_5-24","N-acetyl-cadaverine"
"N-acetylalanine2",0.348856044396411,0.866,"untreated_5-24","N-acetylalanine"
"N-acetylarginine2",-2.25986154648419,0.044,"untreated_5-24","N-acetylarginine"
"N-acetylaspartate (NAA)2",-1.84951500100162,0.02,"untreated_5-24","N-acetylaspartate (NAA)"
"N-acetylcitrulline2",-2.13043055325621,3.74e-07,"untreated_5-24","N-acetylcitrulline"
"N-acetylglutamine2",-0.348401883761936,3.22e-06,"untreated_5-24","N-acetylglutamine"
"N-acetylglycine2",-1.12922131457042,0.347,"untreated_5-24","N-acetylglycine"
"N-acetylhistidine2",-0.662209143553373,0.000465,"untreated_5-24","N-acetylhistidine"
"N-acetylisoleucine2",-2.34483149580895,1.34e-06,"untreated_5-24","N-acetylisoleucine"
"N-acetylleucine2",-4.35440275231795,1.34e-08,"untreated_5-24","N-acetylleucine"
"N-acetylmethionine2",-4.20692136888655,9.13e-09,"untreated_5-24","N-acetylmethionine"
"N-acetylmethionine sulfoxide2",-2.00853093505417,0.000386,"untreated_5-24","N-acetylmethionine sulfoxide"
"N-acetylphenylalanine2",-5.03073035933406,1.77e-07,"untreated_5-24","N-acetylphenylalanine"
"N-acetylputrescine2",-5.37425360626427,0.041,"untreated_5-24","N-acetylputrescine"
"N-acetylserine2",-1.85088463843671,0.055,"untreated_5-24","N-acetylserine"
"N-acetylthreonine2",-2.79020050409053,1.16e-08,"untreated_5-24","N-acetylthreonine"
"N-acetyltryptophan2",-5.99155014684913,6.61e-10,"untreated_5-24","N-acetyltryptophan"
"N-acetyltyrosine2",-4.29159428109761,7.3e-05,"untreated_5-24","N-acetyltyrosine"
"N-acetylvaline2",-2.8545691160581,1.65e-09,"untreated_5-24","N-acetylvaline"
"N-carbamoylaspartate2",-1.5203683215918,0.008,"untreated_5-24","N-carbamoylaspartate"
"N-carbamoylserine2",-1.05544560800361,0.007,"untreated_5-24","N-carbamoylserine"
"N-delta-acetylornithine2",-5.95833650456221,0.027,"untreated_5-24","N-delta-acetylornithine"
"N-formylphenylalanine2",-0.0329904648283848,0.996,"untreated_5-24","N-formylphenylalanine"
"N-monomethylarginine2",-2.61647233864748,0.000133,"untreated_5-24","N-monomethylarginine"
"N,N,N-trimethyl-5-aminovalerate2",-4.56746678427505,0.000785,"untreated_5-24","N,N,N-trimethyl-5-aminovalerate"
"N2-acetyllysine2",-2.49734839556871,4.18e-06,"untreated_5-24","N2-acetyllysine"
"N6-acetyllysine2",-0.659192935040779,0.004,"untreated_5-24","N6-acetyllysine"
"N6-carboxymethyllysine2",0.455762704143589,0.982,"untreated_5-24","N6-carboxymethyllysine"
"N6,N6,N6-trimethyllysine2",-3.29284831980303,0.035,"untreated_5-24","N6,N6,N6-trimethyllysine"
"nicotinate ribonucleoside2",-1.38457807303662,3.99e-07,"untreated_5-24","nicotinate ribonucleoside"
"O-acetylhomoserine2",-1.83195148881151,0.000374,"untreated_5-24","O-acetylhomoserine"
"o-Tyrosine2",-3.04379129900723,6.05e-05,"untreated_5-24","o-Tyrosine"
"ophthalmate2",-1.61463277780789,0.004,"untreated_5-24","ophthalmate"
"ornithine2",-2.96340203095383,0.002,"untreated_5-24","ornithine"
"orotate2",-1.21500999154509,0.013,"untreated_5-24","orotate"
"oxalate (ethanedioate)2",0.579519870211227,0.012,"untreated_5-24","oxalate (ethanedioate)"
"pantothenate2",-5.24936426645395,0.019,"untreated_5-24","pantothenate"
"phenylacetate2",-2.72521803921766,2.79e-06,"untreated_5-24","phenylacetate"
"phenylalanylglycine2",0.217067151330326,0.786,"untreated_5-24","phenylalanylglycine"
"phenyllactate (PLA)2",-2.85518082731026,0.000323,"untreated_5-24","phenyllactate (PLA)"
"phenylpyruvate2",-4.82889980909318,0.000103,"untreated_5-24","phenylpyruvate"
"phosphate2",-0.114014623030803,0.966,"untreated_5-24","phosphate"
"phosphoenolpyruvate (PEP)2",-1.57744849650763,0.000371,"untreated_5-24","phosphoenolpyruvate (PEP)"
"pimelate (C7-DC)2",0.00845317410772286,1,"untreated_5-24","pimelate (C7-DC)"
"pipecolate2",-5.0875378635101,0.000369,"untreated_5-24","pipecolate"
"proline2",0.0214485496351043,0.963,"untreated_5-24","proline"
"pyridoxamine2",-0.423184632451905,0.92,"untreated_5-24","pyridoxamine"
"pyridoxate2",-4.14097715343923,0.011,"untreated_5-24","pyridoxate"
"pyridoxine (Vitamin B6)2",0.306840436932318,0.933,"untreated_5-24","pyridoxine (Vitamin B6)"
"pyrraline2",-0.97867420552376,0.014,"untreated_5-24","pyrraline"
"quinolinate2",-8.08816518981148,3.85e-06,"untreated_5-24","quinolinate"
"ribonate2",-1.99678188919144,0.029,"untreated_5-24","ribonate"
"ribose2",-4.33183989617242,0.000147,"untreated_5-24","ribose"
"S-adenosylhomocysteine (SAH)2",-3.59323230405258,0.093,"untreated_5-24","S-adenosylhomocysteine (SAH)"
"S-methylcysteine2",-1.41644192255823,4.91e-06,"untreated_5-24","S-methylcysteine"
"saccharopine2",-0.757256802227447,0.761,"untreated_5-24","saccharopine"
"salicylate2",0.542871297504058,0.512,"untreated_5-24","salicylate"
"sedoheptulose-7-phosphate2",-1.07280639479195,0.107,"untreated_5-24","sedoheptulose-7-phosphate"
"serine2",-3.11406523372004,3.56e-08,"untreated_5-24","serine"
"sulfate*2",-2.92792138671164,0.000127,"untreated_5-24","sulfate*"
"thioproline2",0.914116971867041,9.63e-07,"untreated_5-24","thioproline"
"threonine2",-3.94591635410462,2.27e-07,"untreated_5-24","threonine"
"threonylphenylalanine2",0.0496855581337297,0.95,"untreated_5-24","threonylphenylalanine"
"thymidine2",-2.81112526051684,0.003,"untreated_5-24","thymidine"
"thymidine 5'-monophosphate2",3.25989589519482,0.333,"untreated_5-24","thymidine 5'-monophosphate"
"thymine2",-3.93056856119142,6.59e-05,"untreated_5-24","thymine"
"trans-nonadecenoate (tr 19:1)*2",1.12070809471205,0.032,"untreated_5-24","trans-nonadecenoate (tr 19:1)*"
"trans-urocanate2",-2.03397353290128,0.001,"untreated_5-24","trans-urocanate"
"trehalose2",0.167588100286136,9.2e-05,"untreated_5-24","trehalose"
"trehalose 6-phosphate2",1.40172370433558,0.034,"untreated_5-24","trehalose 6-phosphate"
"tryptophylglycine2",-4.82138412002447,2.14e-06,"untreated_5-24","tryptophylglycine"
"tyramine2",-6.87784114228124,0.023,"untreated_5-24","tyramine"
"tyrosylglycine2",-0.267686930693117,0.605,"untreated_5-24","tyrosylglycine"
"urea2",-4.92785931221322,1.17e-08,"untreated_5-24","urea"
"uridine-2',3'-cyclic monophosphate2",-0.73448971001304,0.757,"untreated_5-24","uridine-2',3'-cyclic monophosphate"
"uridine 3'-monophosphate (3'-UMP)2",-5.01610455087707,0.004,"untreated_5-24","uridine 3'-monophosphate (3'-UMP)"
"valylglutamine2",0.595888286734863,0.42,"untreated_5-24","valylglutamine"
"xanthine2",-0.872463814176349,0.431,"untreated_5-24","xanthine"
